SALE TYPE,SOLD DATE,PROPERTY TYPE,ADDRESS,CITY,STATE OR PROVINCE,ZIP OR POSTAL CODE,PRICE,BEDS,BATHS,LOCATION,SQUARE FEET,LOT SIZE,YEAR BUILT,DAYS ON MARKET,$/SQUARE FEET,HOA/MONTH,STATUS,NEXT OPEN HOUSE START TIME,NEXT OPEN HOUSE END TIME,URL (SEE http://www.redfin.com/buy-a-home/comparative-market-analysis FOR INFO ON PRICING),SOURCE,MLS#,FAVORITE,INTERESTED,LATITUDE,LONGITUDE
MLS Listing,,Vacant Land,000 Kellett,Houston,TX,77028,20000,,,Johnson Place,,7200,,1,,,Active,,,http://www.redfin.com/TX/HOUSTON/KELLETT-ST-77028/home/30021953,HARMLS,90888366,N,Y,29.843892,-95.276176
MLS Listing,,Townhouse,10546 Bretton Dr,Houston,TX,77016,139000,3,2.0,Fontaine Place Sec 07,1691,6890,1962,1,82,,Active,,,http://www.redfin.com/TX/Houston/10546-Bretton-Dr-77016/home/30126100,HARMLS,45645148,N,Y,29.8663521,-95.3038591
MLS Listing,,Single Family Residential,2210 Harlem St,Houston,TX,77020,179999,3,2.0,Englewood,1417,5000,2007,1,127,,Active,,,http://www.redfin.com/TX/Houston/2210-Harlem-St-77020/home/29618514,HARMLS,14197885,N,Y,29.7814962,-95.3164383
MLS Listing,,Vacant Land,4608 Oats St,Houston,TX,77020,65000,,,Myrtle Villas,,2500,,1,,,Active,,,http://www.redfin.com/TX/Houston/4608-Oats-St-77020/home/172608920,HARMLS,75132852,N,Y,29.778173,-95.3234581
MLS Listing,,Vacant Land,4606 Oats St,Houston,TX,77020,65000,,,Myrtle Villas,,2500,,1,,,Active,,,http://www.redfin.com/TX/Houston/4606-Oats-St-77020/home/29646722,HARMLS,60373716,N,Y,29.778157,-95.323538
MLS Listing,,Vacant Land,0 Mobile St,Houston,TX,77015,163900,,,Home Owned Estates,,34379,,1,,,Active,,,http://www.redfin.com/TX/HOUSTON/MOBILE-ST-77015/home/30009851,HARMLS,2392239,N,Y,29.779617,-95.184863
MLS Listing,,Vacant Land,1914 Gregg St,Houston,TX,77020,35000,,,7118,,3450,,1,,,Active,,,http://www.redfin.com/TX/Houston/1914-Gregg-St-77020/home/29500089,HARMLS,33243977,N,Y,29.7783478,-95.3355881
MLS Listing,,Single Family Residential,7417 Gleason Rd,Houston,TX,77016,159000,3,1.5,Scenic Woods,1217,8100,1960,1,131,,Active,,,http://www.redfin.com/TX/Houston/7417-Gleason-Rd-77016/home/30084879,HARMLS,96691380,N,Y,29.8640396,-95.2952022
MLS Listing,,Single Family Residential,9219 Oak Knoll Ln,Houston,TX,77078,162000,3,2.0,Chatwood Place Sec 06,1783,7920,1960,1,91,,Active,,,http://www.redfin.com/TX/Houston/9219-Oak-Knoll-Ln-77078/home/30126798,HARMLS,29911309,N,Y,29.8392104,-95.2520193
MLS Listing,,Single Family Residential,6319 Eastland,Houston,TX,77028,187999,3,2.0,Liberty Road Manor Section 20,1770,4500,2020,1,106,,Active,,,http://www.redfin.com/TX/Houston/6319-Eastland-St-77028/home/172599019,HARMLS,11976235,N,Y,29.8202199,-95.2812147
MLS Listing,,Single Family Residential,6317 Eastland,Houston,TX,77028,187999,3,2.0,Liberty Road Manor Section 20,1770,4500,2020,1,106,,Active,,,http://www.redfin.com/TX/Houston/6317-Eastland-St-77028/home/29735287,HARMLS,28284575,N,Y,29.820215,-95.281175
MLS Listing,,Single Family Residential,8139 Chateau St,Houston,TX,77028,179500,3,2.5,Liberty Road Manor Sec 05,1610,4000,2020,2,111,,Active,,,http://www.redfin.com/TX/Houston/8139-Chateau-St-77028/home/29732937,HARMLS,44338446,N,Y,29.820632,-95.277794
MLS Listing,,Single Family Residential,8017 Jeffery St,Houston,TX,77028,199500,3,2.5,Liberty Road Manor Sec 01,1801,4160,2020,2,111,,Active,,,http://www.redfin.com/TX/Houston/8017-Jeffery-St-77028/home/29732813,HARMLS,18932561,N,Y,29.817765,-95.279736
MLS Listing,,Single Family Residential,2917 Clinton Dr,Houston,TX,77020,270000,2,2.0,Regent Park,1440,1629,2004,3,188,157,Active,,,http://www.redfin.com/TX/Houston/2917-Clinton-Dr-77020/home/29254002,HARMLS,25472965,N,Y,29.7650796,-95.3400114
MLS Listing,,Single Family Residential,7401 Anzac St,Houston,TX,77020,220000,3,1.0,Houston Harbor Add,2064,5000,1940,3,107,,Active,,,http://www.redfin.com/TX/Houston/7401-Anzac-St-77020/home/29691317,HARMLS,92676967,N,Y,29.7734111,-95.2944979
MLS Listing,,Vacant Land,6806 Schuller Rd,Houston,TX,77093,65500,,,Westcott Gardens,,8125,,3,,,Active,,,http://www.redfin.com/TX/Houston/6806-Schuller-Rd-77093/home/29979702,HARMLS,10928967,N,Y,29.821498,-95.340313
MLS Listing,,Vacant Land,2211 Lynnfield St,Houston,TX,77093,65500,,,Westcott Place Sec 02,,8625,,3,,,Active,,,http://www.redfin.com/TX/Houston/2211-Lynnfield-St-77093/home/29957475,HARMLS,14235984,N,Y,29.8204688,-95.3485523
MLS Listing,,Vacant Land,8239 Richland Dr,Houston,TX,77028,295000,,,25g,,196560,,3,,,Active,,,http://www.redfin.com/TX/Houston/8239-Richland-Dr-77028/home/146395644,HARMLS,67650612,N,Y,29.838228,-95.2758764
MLS Listing,,Single Family Residential,8025 Attwater St,Houston,TX,77028,156000,3,2.0,Liberty Road Manor Section 02,1278,4500,2020,3,122,,Active,,,http://www.redfin.com/TX/Houston/8025-Attwater-St-77028/home/171677203,HARMLS,27452471,N,Y,29.816328,-95.282219
MLS Listing,,Single Family Residential,8029 Attwater St,Houston,TX,77028,183999,3,2.0,Liberty Road Manor Section 02,1770,4500,2020,3,104,,Active,,,http://www.redfin.com/TX/Houston/8029-Attwater-St-77028/home/171415601,HARMLS,61634184,N,Y,29.816328,-95.282133
MLS Listing,,Single Family Residential,4505 Woolworth St,Houston,TX,77026,86000,2,1.0,Liberty Gardens Ext Sec 02,956,10200,1950,3,90,,Active,,,http://www.redfin.com/TX/Houston/4505-Woolworth-St-77026/home/29967236,HARMLS,20458639,N,Y,29.8013808,-95.3119863
MLS Listing,,Single Family Residential,13429 Bandera St,Houston,TX,77015,129900,0,1.5,Home Owned Estates,2013,10080,1969,4,65,,Active,,,http://www.redfin.com/TX/Houston/13429-Bandera-St-77015/home/172577357,HARMLS,32526563,N,Y,29.7769509,-95.1852683
MLS Listing,,Townhouse,2910 Cline St,Houston,TX,77020,324400,3,3.0,Cline Homes,1622,1434,2020,4,200,,Active,,,http://www.redfin.com/TX/Houston/2910-Cline-St-77020/home/29650602,HARMLS,24034572,N,Y,29.7664695,-95.3402157
MLS Listing,,Single Family Residential,4705 Hershe St,Houston,TX,77020,304999,3,2.5,Augusta Terrace,1964,2500,2020,4,155,,Active,,,http://www.redfin.com/TX/Houston/4705-Hershe-St-77020/home/170261046,HARMLS,72520747,N,Y,29.777884,-95.322386
MLS Listing,,Single Family Residential,6214 Octavia St,Houston,TX,77026,85000,3,1.0,Englewood Place,648,5000,1955,5,131,,Active,,,http://www.redfin.com/TX/Houston/6214-Octavia-St-77026/home/29845058,HARMLS,74289794,N,Y,29.7936991,-95.307606
MLS Listing,,Single Family Residential,2925 Sadler St,Houston,TX,77093,105000,2,1.0,Coral,1065,20300,1940,5,99,,Active,,,http://www.redfin.com/TX/Houston/2925-Sadler-St-77093/home/29926337,HARMLS,41613079,N,Y,29.8347655,-95.3405834
MLS Listing,,Single Family Residential,8438 Darlington Dr,Houston,TX,77028,460000,7,5.0,Larkstone / Lakewood,7385,39548,2005,5,62,,Active,,,http://www.redfin.com/TX/Houston/8438-Darlington-Dr-77028/home/30023742,HARMLS,81731281,N,Y,29.8343142,-95.2714231
MLS Listing,,Multi-Family (2-4 Unit),10424 Burden St,Houston,TX,77093,380000,0,4.0,Burden Estates,2240,5414,1998,5,170,,Active,,,http://www.redfin.com/TX/Houston/10424-Burden-St-77093/home/34193068,HARMLS,93415465,N,Y,29.863815,-95.3527299
MLS Listing,,Single Family Residential,3203 Cline St,Houston,TX,77020,379900,3,2.5,Gillespie Street Sec 2 4th R/p,2004,2755,2018,5,190,,Active,,,http://www.redfin.com/TX/Houston/3203-Cline-St-77020/home/167803459,HARMLS,3905678,N,Y,29.7666353,-95.3373998
MLS Listing,,Multi-Family (5+ Unit),6606 Lockwood Dr #8,Houston,TX,77028,520000,0,,Trinity Gardens Tr 370,5425,15429,1950,5,96,,Active,,,http://www.redfin.com/TX/Houston/6606-Lockwood-Dr-77028/unit-8/home/29941361,HARMLS,85131798,N,Y,29.8201168,-95.3178834
MLS Listing,,Single Family Residential,13303 Danshire Dr,Houston,TX,77049,145000,3,2.5,Hunterwood Village Sec 04 R/p,1344,14900,1984,6,108,,Active,,,http://www.redfin.com/TX/Houston/13303-Danshire-Dr-77049/home/30533533,HARMLS,31545368,N,Y,29.8196817,-95.2122529
MLS Listing,,Single Family Residential,5105 Amy St,Houston,TX,77028,209900,3,2.0,Settegast Gardens Sec 05 U/r,1688,5249,2020,7,124,,Active,,,http://www.redfin.com/TX/Houston/5105-Amy-St-77028/home/169109245,HARMLS,63463956,N,Y,29.8079548,-95.2862539
MLS Listing,,Single Family Residential,5203 Amy St,Houston,TX,77028,209900,3,2.0,Settegast Gardens Sec 05 U/r,1688,5249,2020,7,124,,Active,,,http://www.redfin.com/TX/Houston/5203-Amy-St-77028/home/169109635,HARMLS,61783924,N,Y,29.807978,-95.2862538
MLS Listing,,Single Family Residential,9934 Valley Mill Ct,Houston,TX,77078,115000,3,2.0,Verde Forest Sec 02,1295,6930,1974,7,89,,Active,,,http://www.redfin.com/TX/Houston/9934-Valley-Mill-Ct-77078/home/30268688,HARMLS,73629154,N,Y,29.8536863,-95.2393726
MLS Listing,,Single Family Residential,2227 Hutton St,Houston,TX,77026,100000,2,1.0,Home,660,2500,1938,8,152,,Active,,,http://www.redfin.com/TX/Houston/2227-Hutton-St-77026/home/30696559,HARMLS,25707623,N,Y,29.782527,-95.3320334
MLS Listing,,Single Family Residential,10930 Cheeves Dr,Houston,TX,77016,149900,3,1.5,Northwood Manor Sec 07,1018,7224,1972,8,147,,Active,,,http://www.redfin.com/TX/Houston/10930-Cheeves-Dr-77016/home/30265972,HARMLS,34654834,N,Y,29.874552,-95.2926708
MLS Listing,,Single Family Residential,2231 Hutton St,Houston,TX,77026,100000,2,1.0,Home,720,2500,1938,8,139,,Active,,,http://www.redfin.com/TX/Houston/2231-Hutton-St-77026/home/30696616,HARMLS,38245035,N,Y,29.7825946,-95.3320334
MLS Listing,,Single Family Residential,2300 Hutton St Unit 1/2,Houston,TX,77026,115000,2,2.0,Home,680,2500,1940,8,169,,Active,,,http://www.redfin.com/TX/Houston/2300-Hutton-St-77026/unit-1-2/home/172527127,HARMLS,44268497,N,Y,29.7830118,-95.3314717
MLS Listing,,Multi-Family (2-4 Unit),6101 Hirsch Rd,Houston,TX,77026,150000,0,2.0,Wilshire Place,2897,7500,1940,8,52,,Active,,,http://www.redfin.com/TX/Houston/6101-Hirsch-Rd-77026/home/29957868,HARMLS,65658356,N,Y,29.8153064,-95.3290562
MLS Listing,,Single Family Residential,0 Hillsboro St,Houston,TX,77015,360000,0,2.0,Cloverleaf,952,42000,1975,8,378,,Active,,,http://www.redfin.com/TX/HOUSTON/HILLSBORO-ST-77015/home/112823233,HARMLS,97724071,N,Y,29.7804,-95.176342
MLS Listing,,Vacant Land,9106 Arvin St,Houston,TX,77028,44900,,,Dorchester Place,,17489,,8,,,Active,,,http://www.redfin.com/TX/Houston/9106-Arvin-St-77028/home/30126805,HARMLS,18014088,N,Y,29.8453701,-95.2694437
MLS Listing,,Single Family Residential,13502 Utica St St,Houston,TX,77015,99000,3,2.0,Home Owned Estates Sec 01,1624,16800,1952,8,61,,Active,,,http://www.redfin.com/TX/Houston/13502-Utica-St-77015/home/30009610,HARMLS,48956797,N,Y,29.7746941,-95.1846254
MLS Listing,,Vacant Land,4437 Providence St,Houston,TX,77020,95000,,,Lenox,,6250,,8,,,Active,,,http://www.redfin.com/TX/Houston/4437-Providence-St-77020/home/29708328,HARMLS,30907300,N,Y,29.7709932,-95.3253026
MLS Listing,,Single Family Residential,10114 Lafferty Oaks St,Houston,TX,77013,187000,4,2.0,Songwood,1631,7200,1957,8,115,3,Active,,,http://www.redfin.com/TX/Houston/10114-Lafferty-Oaks-St-77013/home/30125963,HARMLS,11811598,N,Y,29.7775915,-95.2503465
MLS Listing,,Vacant Land,3415 Baer St,Houston,TX,77020,175000,,,Cage,,4700,,9,,,Active,,,http://www.redfin.com/TX/Houston/3415-Baer-St-77020/home/29655914,HARMLS,15097079,N,Y,29.7681543,-95.335057
MLS Listing,,Vacant Land,0 Hage Street St,Houston,TX,77093,155000,,,Epson Downs Place,,9600,,9,,,Active,,,http://www.redfin.com/TX/HOUSTON/HAGE-ST-77093/home/29152956,HARMLS,35412499,N,Y,29.853533,-95.337896
MLS Listing,,Single Family Residential,7014 Shotwell St,Houston,TX,77028,85000,2,1.0,Trinity Gardens Sec 02,925,10531,1940,9,92,,Active,,,http://www.redfin.com/TX/Houston/7014-Shotwell-St-77028/home/29942351,HARMLS,96010548,N,Y,29.8241449,-95.3121088
MLS Listing,,Single Family Residential,3705 Parker Rd,Houston,TX,77093,179900,2,1.0,Farrington Place Sec 03,852,5950,1938,10,211,,Active,,,http://www.redfin.com/TX/Houston/3705-Parker-Rd-77093/home/29961027,HARMLS,26893669,N,Y,29.8596387,-95.3318394
MLS Listing,,Multi-Family (2-4 Unit),3317 Bennington St,Houston,TX,77093,380000,0,3.0,Westcott Gardens Sec 02,3404,7385,1945,10,112,,Active,,,http://www.redfin.com/TX/Houston/3317-Bennington-St-77093/home/167972282,HARMLS,28753799,N,Y,29.8224097,-95.3367629
MLS Listing,,Vacant Land,8034 Crestview Dr,Houston,TX,77028,49999,,,Clairmont Place,,16254,,10,,,Active,,,http://www.redfin.com/TX/Houston/8034-Crestview-Dr-77028/home/148107055,HARMLS,68194008,N,Y,29.8367744,-95.2806451
MLS Listing,,Vacant Land,3401 Bennington St,Houston,TX,77093,90000,,,Westcott Gardens Sec 02,,7210,,10,,,Active,,,http://www.redfin.com/TX/Houston/3401-Bennington-St-77093/home/172522005,HARMLS,15692180,N,Y,29.822322,-95.336539
MLS Listing,,Vacant Land,3712 Easy St,Houston,TX,77026,70000,,,Sheffield Gardens,,14520,,10,,,Active,,,http://www.redfin.com/TX/Houston/3712-Easy-St-77026/home/29778734,HARMLS,75119110,N,Y,29.793536,-95.312033
MLS Listing,,Vacant Land,5225 Shreveport Blvd,Houston,TX,77028,53000,,,Trinity Gardens,,13706,,10,,,Active,,,http://www.redfin.com/TX/Houston/5225-Shreveport-Blvd-77028/home/112841509,HARMLS,20055052,N,Y,29.826704,-95.314154
MLS Listing,,Single Family Residential,3804 Sparks St,Houston,TX,77093,189000,3,1.0,Northwood,888,24000,1940,11,213,,Active,,,http://www.redfin.com/TX/Houston/3804-Sparks-St-77093/home/29932600,HARMLS,81710729,N,Y,29.8505884,-95.3304911
MLS Listing,,Single Family Residential,9219 Monterrey St,Houston,TX,77078,65000,3,1.0,Lake Forest,1457,7060,1954,11,45,,Active,,,http://www.redfin.com/TX/Houston/9219-Monterrey-St-77078/home/30059274,HARMLS,79515770,N,Y,29.8456475,-95.2511217
MLS Listing,,Vacant Land,5539 Kittridge St,Houston,TX,77028,39500,,,Triangle Gardens Sec 04,,8418,,11,,,Active,,,http://www.redfin.com/TX/Houston/5539-Kittridge-St-77028/home/29979827,HARMLS,34023139,N,Y,29.828722,-95.310681
MLS Listing,,Vacant Land,0 Delia St,Houston,TX,77026,39900,,,Angiers Sec 01,,3698,,11,,,Active,,,http://www.redfin.com/TX/HOUSTON/DELIA-ST-77026/home/29648809,HARMLS,81740557,N,Y,29.790647,-95.336611
MLS Listing,,Vacant Land,3208 Lyons Ave,Houston,TX,77020,400000,,,Ingraham,,10358,,11,,,Active,,,http://www.redfin.com/TX/Houston/3208-Lyons-Ave-77020/home/29705354,HARMLS,58079000,N,Y,29.775724,-95.3377019
MLS Listing,,Single Family Residential,3807 Oats St,Houston,TX,77020,249998,3,2.0,Chapmans Sec 03,1500,3575,2020,12,167,,Active,,,http://www.redfin.com/TX/Houston/3807-Oats-St-77020/home/29656797,HARMLS,10071663,N,Y,29.7781266,-95.3318394
MLS Listing,,Single Family Residential,1810 Deams St,Houston,TX,77093,185000,3,2.0,Croyden Gardens,956,12000,1950,12,194,,Active,,,http://www.redfin.com/TX/Houston/1810-Deams-St-77093/home/29928382,HARMLS,46623086,N,Y,29.833305,-95.3521898
MLS Listing,,Single Family Residential,115 Oryan Ct,Houston,TX,77015,249000,4,2.5,Woodforest North,2755,6776,1998,12,90,18,Active,,,http://www.redfin.com/TX/Houston/115-Oryan-Ct-77015/home/30685576,HARMLS,61777215,N,Y,29.8015255,-95.1761812
MLS Listing,,Single Family Residential,1219 Gregg St,Houston,TX,77020,224900,3,2.0,Sydnor,1288,3250,1935,12,175,,Active,,,http://www.redfin.com/TX/Houston/1219-Gregg-St-77020/home/29759202,HARMLS,61429426,N,Y,29.7723667,-95.3360069
MLS Listing,,Vacant Land,10109 Allwood St,Houston,TX,77016,28000,,,Bristol Place,,8031,,13,,,Active,,,http://www.redfin.com/TX/Houston/10109-Allwood-St-77016/home/30020303,HARMLS,70252416,N,Y,29.8575294,-95.3097518
MLS Listing,,Vacant Land,0 Parker Rd,Houston,TX,77016,28000,,,Bristol Place,,7150,,13,,,Active,,,http://www.redfin.com/TX/HOUSTON/PARKER-RD-77016/home/30020297,HARMLS,56855408,N,Y,29.856443,-95.311076
MLS Listing,,Single Family Residential,4505 Rawley Unit A,Houston,TX,77020,274900,2,2.5,Lyons Redev,1700,2500,2020,13,162,,Active,,,http://www.redfin.com/TX/Houston/4505-Rawley-St-77020/unit-A/home/172506606,HARMLS,24856370,N,Y,29.7792968,-95.3243737
MLS Listing,,Single Family Residential,13839 Crosshaven Dr,Houston,TX,77015,165000,3,2.0,Woodforest Sec 19,1592,7440,1976,13,104,35,Active,,,http://www.redfin.com/TX/Houston/13839-Crosshaven-Dr-77015/home/30327489,HARMLS,87683238,N,Y,29.799303,-95.1765072
MLS Listing,,Single Family Residential,3025 Clinton Dr,Houston,TX,77020,525000,3,3.0,Clinton Prestige Homes,2014,1524,2020,13,261,100,Active,,,http://www.redfin.com/TX/Houston/3025-Clinton-Dr-77020/home/112804654,HARMLS,64496016,N,Y,29.764861,-95.338823
MLS Listing,,Townhouse,3045 Clinton Dr,Houston,TX,77020,425000,3,2.5,Clinton Prestige Homes,2542,1938,2007,13,167,100,Active,,,http://www.redfin.com/TX/Houston/3045-Clinton-Dr-77020/home/29351870,HARMLS,88822114,N,Y,29.764941,-95.3386359
MLS Listing,,Townhouse,3037 Clinton Dr,Houston,TX,77020,425000,3,2.5,Clinton Prestige Homes,2401,1938,2008,13,177,100,Active,,,http://www.redfin.com/TX/Houston/3037-Clinton-Dr-77020/home/29351872,HARMLS,58079917,N,Y,29.7652362,-95.3386597
MLS Listing,,Vacant Land,0 Abernathy St,Houston,TX,77026,55000,,,Js Black Surv Abs 124,,7677,,13,,,Active,,,http://www.redfin.com/TX/HOUSTON/ABERNATHY-ST-77026/home/29785875,HARMLS,35538131,N,Y,29.782433,-95.328794
MLS Listing,,Vacant Land,1014 Press St,Houston,TX,77020,90000,,,Harris & Wilson 2 League Grant,,5000,,13,,,Active,,,http://www.redfin.com/TX/Houston/1014-Press-St-77020/home/29779090,HARMLS,60575288,N,Y,29.771287,-95.328312
MLS Listing,,Single Family Residential,1013 Evanston St,Houston,TX,77015,140000,3,1.5,Home Owned Estates Sec 01,1275,7800,1955,13,110,,Active,,,http://www.redfin.com/TX/Houston/1013-Evanston-St-77015/home/30009857,HARMLS,88749620,N,Y,29.777123,-95.182651
MLS Listing,,Single Family Residential,1126 Westmont Dr,Houston,TX,77015,288990,4,3.0,Home Owned Estates,3060,24583,1955,13,94,,Active,,,http://www.redfin.com/TX/Houston/1126-Westmont-Dr-77015/home/30010850,HARMLS,83975329,N,Y,29.7731463,-95.1948867
MLS Listing,,Single Family Residential,9118 Homewood Ln,Houston,TX,77078,135000,3,1.0,Chatwood Place Sec 04,1185,7584,1955,13,114,,Active,,,http://www.redfin.com/TX/Houston/9118-Homewood-Ln-77078/home/30076394,HARMLS,15277796,N,Y,29.8420738,-95.255977
MLS Listing,,Single Family Residential,1226 Upton St,Houston,TX,77020,329888,3,3.5,Upton Park,1993,,2020,14,166,,Active,,,http://www.redfin.com/TX/Houston/1226-Upton-St-77020/home/172495051,HARMLS,51733518,N,Y,29.7722488,-95.3253248
MLS Listing,,Single Family Residential,9214 Firnat St,Houston,TX,77016,184900,3,2.0,Barclay Place Sec 02,1080,8400,,14,171,,Active,,,http://www.redfin.com/TX/Houston/9214-Firnat-St-77016/home/29977601,HARMLS,50664803,N,Y,29.845901,-95.298714
MLS Listing,,Vacant Land,3411 Buck St,Houston,TX,77020,250000,,,Cage,,5000,,14,,,Active,,,http://www.redfin.com/TX/Houston/3411-Buck-St-77020/home/147311043,HARMLS,87388310,N,Y,29.770205,-95.3350789
MLS Listing,,Townhouse,4056 Courtney St,Houston,TX,77026,59900,2,1.0,Comfort Place,864,4503,1948,14,69,,Active,,,http://www.redfin.com/TX/Houston/4056-Courtney-St-77026/home/29841349,HARMLS,95373920,N,Y,29.786823,-95.3288164
MLS Listing,,Vacant Land,1404 Gregg St,Houston,TX,77020,55000,,,Nichols Gregg,,3444,,15,,,Active,,,http://www.redfin.com/TX/Houston/1404-Gregg-St-77020/home/144623080,HARMLS,90126235,N,Y,29.773647,-95.335528
MLS Listing,,Single Family Residential,1421 Bringhurst St,Houston,TX,77020,329900,3,2.0,Farmer-teal,2162,4000,1958,15,153,,Active,,,http://www.redfin.com/TX/Houston/1421-Bringhurst-St-77020/home/29670656,HARMLS,15974024,N,Y,29.7749228,-95.3341274
MLS Listing,,Single Family Residential,2825 Clinton Dr,Houston,TX,77020,329900,3,3.0,Regent Park 02,2052,1628,2006,15,161,166,Active,August-1-2020 01:00 PM,August-1-2020 04:00 PM,http://www.redfin.com/TX/Houston/2825-Clinton-Dr-77020/home/29336465,HARMLS,53954185,N,Y,29.7651191,-95.3404302
MLS Listing,,Single Family Residential,11618 Lane St,Jacinto City,TX,77029,214999,3,1.0,Jacinto Oaks Sec 03,1554,20930,1955,17,138,,Active,,,http://www.redfin.com/TX/Houston/11618-Lane-St-77029/home/30105169,HARMLS,66786763,N,Y,29.759711,-95.2257092
MLS Listing,,Townhouse,2781 Clinton Dr,Houston,TX,77020,364990,3,3.5,North Eado,1736,1878,2020,18,210,100,Active,August-1-2020 01:00 PM,August-1-2020 05:00 PM,http://www.redfin.com/TX/Houston/2781-Clinton-Dr-77020/home/172443557,HARMLS,41401131,N,Y,29.7650174,-95.3410985
MLS Listing,,Single Family Residential,2767 Clinton Dr,Houston,TX,77020,364990,3,3.5,North Eado,1736,1645,2020,18,210,100,Active,August-1-2020 01:00 PM,August-1-2020 05:00 PM,http://www.redfin.com/TX/Houston/2767-Clinton-Dr-77020/home/172443554,HARMLS,80173400,N,Y,29.7646813,-95.3411286
MLS Listing,,Townhouse,2753 Clinton Dr,Houston,TX,77020,364990,3,3.5,North Eado,1736,1335,2019,18,210,100,Active,August-1-2020 01:00 PM,August-1-2020 05:00 PM,http://www.redfin.com/TX/Houston/2753-Clinton-Dr-77020/home/172443553,HARMLS,74104941,N,Y,29.7646807,-95.341166
MLS Listing,,Vacant Land,9322 Kentshire Dr,Houston,TX,77078,30000,,,Kentshire Place Sec 02,,7020,,19,,,Active,,,http://www.redfin.com/TX/Houston/9322-Kentshire-Dr-77078/home/30065578,HARMLS,16035435,N,Y,29.8585828,-95.2523049
MLS Listing,,Single Family Residential,418 Bayou St,Houston,TX,77020,395000,3,3.5,Harmony Bayou,2200,1446,2020,19,180,,Active,,,http://www.redfin.com/TX/Houston/418-Bayou-St-77020/home/172408690,HARMLS,11832935,N,Y,29.7661567,-95.3373346
MLS Listing,,Single Family Residential,414 Bayou St,Houston,TX,77020,369000,3,3.5,Harmony Bayou,2094,1729,2020,19,176,,Active,,,http://www.redfin.com/TX/Houston/414-Bayou-St-77020/home/172408687,HARMLS,11934323,N,Y,29.7661307,-95.3373342
MLS Listing,,Single Family Residential,8627 Berndale St,Houston,TX,77029,229000,7,2.5,Pleasantville Sec 04,2870,5656,1955,19,80,,Active,,,http://www.redfin.com/TX/Houston/8627-Berndale-St-77029/home/30081720,HARMLS,81062504,N,Y,29.7666948,-95.2715361
MLS Listing,,Vacant Land,0 Lynnfield Ave,Houston,TX,77016,48000,,,NA,,,,19,,,Active,,,http://www.redfin.com/TX/Houston/Lynnfield-St-77016/home/40211497,HARMLS,93125750,N,Y,29.82038,-95.334513
MLS Listing,,Single Family Residential,410 Bayou St,Houston,TX,77020,376000,3,3.5,Harmony Bayou,2094,1825,2020,19,180,,Active,,,http://www.redfin.com/TX/Houston/410-Bayou-St-77020/home/172408464,HARMLS,15995081,N,Y,29.7661047,-95.3373339
MLS Listing,,Vacant Land,2230 Firnat St,Houston,TX,77093,200000,,,Archer Acres Sec 02,,29300,,19,,,Active,,,http://www.redfin.com/TX/Houston/2230-Firnat-St-77093/home/29922660,HARMLS,64210826,N,Y,29.8419461,-95.3514132
MLS Listing,,Single Family Residential,10607 Jordan Heights Dr,Houston,TX,77016,220000,3,2.5,Leland Woods Sec 02,1909,5998,2018,19,115,25,Active,,,http://www.redfin.com/TX/Houston/10607-Jordan-Heights-Dr-77016/home/29614101,HARMLS,55409706,N,Y,29.867865,-95.295279
MLS Listing,,Townhouse,649 Press St,Houston,TX,77020,299990,3,2.5,East River Yards,1625,1859,2019,20,185,100,Active,August-1-2020 01:00 PM,August-1-2020 05:00 PM,http://www.redfin.com/TX/Houston/649-Press-St-77020/home/172394218,HARMLS,24939617,N,Y,29.7692066,-95.328894
MLS Listing,,Townhouse,639 Press St,Houston,TX,77020,299990,3,2.5,East River Yards,1625,1848,2019,20,185,100,Active,August-1-2020 01:00 PM,August-1-2020 05:00 PM,http://www.redfin.com/TX/Houston/639-Press-St-77020/home/172394217,HARMLS,25420439,N,Y,29.7692066,-95.328894
MLS Listing,,Single Family Residential,1228 Upton St,Houston,TX,77020,329888,3,2.5,Upton Park,1993,,2020,20,166,,Active,,,http://www.redfin.com/TX/Houston/1228-Upton-St-77020/home/172392576,HARMLS,80264379,N,Y,29.7722611,-95.3253245
MLS Listing,,Single Family Residential,7206 Texarkana St,Houston,TX,77020,135000,2,1.0,Houston Harbor,828,4075,1950,21,163,,Active,,,http://www.redfin.com/TX/Houston/7206-Texarkana-St-77020/home/29690401,HARMLS,7514799,N,Y,29.7840475,-95.2977747
MLS Listing,,Vacant Land,3001 E Crosstimbers St,Houston,TX,77093,50000,,,Fields Sec 02,,5000,,21,,,Active,,,http://www.redfin.com/TX/Houston/3001-E-Crosstimbers-St-77093/home/29999134,HARMLS,67649596,N,Y,29.829384,-95.340587
MLS Listing,,Single Family Residential,918 Hahlo St,Houston,TX,77020,175000,3,2.0,Denver,1782,6250,1947,22,98,,Active,,,http://www.redfin.com/TX/Houston/918-Hahlo-St-77020/home/29662533,HARMLS,53892401,N,Y,29.7721136,-95.3097399
MLS Listing,,Single Family Residential,4017 Buck St,Houston,TX,77020,425000,5,3.5,Bryan Heights,3032,4450,2005,22,140,,Active,,,http://www.redfin.com/TX/Houston/4017-Buck-St-77020/home/29655620,HARMLS,66979773,N,Y,29.7702754,-95.3308179
MLS Listing,,Single Family Residential,7339 Orlando St,Houston,TX,77016,189900,4,2.0,Scenic Woods,1277,12213,1960,23,149,,Active,,,http://www.redfin.com/TX/Houston/7339-Orlando-St-77016/home/30084590,HARMLS,27573564,N,Y,29.8649609,-95.296958
MLS Listing,,Vacant Land,4314 Hirsch Rd,Houston,TX,77026,60000,,,Crane Street Gardens,,8450,,23,,,Active,,,http://www.redfin.com/TX/Houston/4314-Hirsch-Rd-77026/home/29952833,HARMLS,66402683,N,Y,29.7998811,-95.3279989
MLS Listing,,Vacant Land,0 Kelford St,Houston,TX,77028,134500,,,Viola,,26797,,25,,,Active,,,http://www.redfin.com/TX/HOUSTON/KELFORD-ST-77028/home/29816237,HARMLS,20762171,N,Y,29.811512,-95.280311
MLS Listing,,Single Family Residential,10334 Duncum St,Houston,TX,77013,159900,3,1.5,Songwood,1269,7750,1955,26,126,,Active,,,http://www.redfin.com/TX/Houston/10334-Duncum-St-77013/home/30125846,HARMLS,84024355,N,Y,29.775163,-95.245614
MLS Listing,,Single Family Residential,2905 Gillespie St Unit C,Houston,TX,77020,400000,3,3.5,Gillespie Street City Views,2477,1497,2019,26,161,,Active,,,http://www.redfin.com/TX/Houston/2905-Gillespie-St-77020/unit-C/home/167831334,HARMLS,53356264,N,Y,29.7674117,-95.3403383
MLS Listing,,Single Family Residential,4601 Farmer St,Houston,TX,77020,235000,3,2.0,Augusta,1305,3400,1953,27,180,,Active,,,http://www.redfin.com/TX/Houston/4601-Farmer-St-77020/home/29646642,HARMLS,81220732,N,Y,29.7756807,-95.323689
MLS Listing,,Single Family Residential,7525 Touchstone St,Houston,TX,77028,176000,3,2.0,Rosewood Estates Sec 02,1700,7560,1948,27,104,,Active,,,http://www.redfin.com/TX/Houston/7525-Touchstone-St-77028/home/29996026,HARMLS,31636931,N,Y,29.8386814,-95.2924666
MLS Listing,,Vacant Land,3302 Folger St,Houston,TX,77093,150000,,,Epsom Downs Place,,17019,,27,,,Active,,,http://www.redfin.com/TX/Houston/3302-Folger-St-77093/home/43509063,HARMLS,90841280,N,Y,29.855977,-95.33647
MLS Listing,,Vacant Land,8410 Lockwood Dr,Houston,TX,77016,34500,,,Forest Lawn,,5500,,27,,,Active,,,http://www.redfin.com/TX/Houston/8410-Lockwood-Dr-77016/home/172344983,HARMLS,9553397,N,Y,29.8369344,-95.3185786
MLS Listing,,Single Family Residential,7437 Crofton St,Houston,TX,77028,175000,5,2.0,Glen Manor Sec 01,1512,7562,1965,27,116,,Active,,,http://www.redfin.com/TX/Houston/7437-Crofton-St-77028/home/29999876,HARMLS,20249128,N,Y,29.8446903,-95.2943856
MLS Listing,,Single Family Residential,8414 Snowden Street St,Houston,TX,77028,135000,2,1.0,Dorchester Place,912,13200,1947,28,148,,Active,,,http://www.redfin.com/TX/Houston/8414-Snowden-St-77028/home/30126678,HARMLS,59484276,N,Y,29.845617,-95.2723006
MLS Listing,,Multi-Family (2-4 Unit),3417 Baer St,Houston,TX,77020,375000,0,3.0,East,1133,5300,1930,28,331,,Active,,,http://www.redfin.com/TX/Houston/3417-Baer-St-77020/home/29655913,HARMLS,37223565,N,Y,29.7681567,-95.3348917
MLS Listing,,Vacant Land,7754 Bretshire Dr,Houston,TX,77016,27500,,,Scenic Woods,,6270,,28,,,Active,,,http://www.redfin.com/TX/Houston/7754-Bretshire-Dr-77016/home/30085515,HARMLS,74712291,N,Y,29.8543096,-95.2872133
MLS Listing,,Single Family Residential,5209 Nichols,Houston,TX,77020,274900,3,2.5,Lyons Redev,1700,2500,2020,29,162,,Active,,,http://www.redfin.com/TX/Houston/5209-Nichols-St-77020/home/170949930,HARMLS,10121982,N,Y,29.7812804,-95.3179078
MLS Listing,,Vacant Land,8434 Talton St,Houston,TX,77028,75000,,,Dorchester Place,,21434,,29,,,Active,,,http://www.redfin.com/TX/Houston/8434-Talton-St-77028/home/30126813,HARMLS,94329722,N,Y,29.843716,-95.271111
MLS Listing,,Vacant Land,0 Ethel St,Houston,TX,77028,27900,,,Liberty Road Manor Sec 05,,4000,,29,,,Active,,,http://www.redfin.com/TX/HOUSTON/ETHEL-ST-77028/home/29732969,HARMLS,77524791,N,Y,29.820868,-95.280098
MLS Listing,,Single Family Residential,13410 Halifax St,Houston,TX,77015,135000,3,1.0,Home Owned Estates Sec 01,1137,7800,1952,31,119,,Active,,,http://www.redfin.com/TX/Houston/13410-Halifax-St-77015/home/30010004,HARMLS,75381700,N,Y,29.7860236,-95.1862464
MLS Listing,,Single Family Residential,4307 Plaag St,Houston,TX,77016,48500,2,1.0,Weaver Place,884,7800,1954,31,55,,Active,,,http://www.redfin.com/TX/Houston/4307-Plaag-St-77016/home/29985812,HARMLS,51712130,N,Y,29.8333654,-95.3272227
MLS Listing,,Single Family Residential,1518 Skinner Rd,Houston,TX,77093,325000,2,1.0,Sunnyland Farms,1066,53950,1945,32,305,,Active,,,http://www.redfin.com/TX/Houston/1518-Skinner-Rd-77093/home/29927315,HARMLS,48386961,N,Y,29.8669746,-95.3622042
MLS Listing,,Vacant Land,3307 Gillespie St,Houston,TX,77020,98257,,,Swiney,,2675,,32,,,Active,,,http://www.redfin.com/TX/Houston/3307-Gillespie-St-77020/home/29758147,HARMLS,80467585,N,Y,29.7674877,-95.3362112
MLS Listing,,Single Family Residential,2901 Clinton Dr,Houston,TX,77020,280000,2,2.0,Regent Park,1446,1563,2004,32,194,157,Active,,,http://www.redfin.com/TX/Houston/2901-Clinton-Dr-77020/home/29253929,HARMLS,31070208,N,Y,29.7648459,-95.3402157
MLS Listing,,Townhouse,13563 Castilian Dr #1,Houston,TX,77015,129000,3,1.5,Castilian Village T/h,1440,1440,1972,33,90,200,Active,,,http://www.redfin.com/TX/Houston/13563-Castilian-Dr-77015/unit-1/home/30262441,HARMLS,89105724,N,Y,29.8007032,-95.1826004
MLS Listing,,Townhouse,4701 New Orleans St,Houston,TX,77020,250000,3,2.0,Augusta,1272,5000,1936,33,197,,Active,,,http://www.redfin.com/TX/Houston/4701-New-Orleans-St-77020/home/29646678,HARMLS,31580252,N,Y,29.7770964,-95.3226881
MLS Listing,,Multi-Family (2-4 Unit),3518 Lyons Ave,Houston,TX,77020,249000,0,1.0,Farmer-teal,1455,2668,1928,33,171,,Active,,,http://www.redfin.com/TX/Houston/3518-Lyons-Ave-77020/home/29670640,HARMLS,15630738,N,Y,29.7756009,-95.3340865
MLS Listing,,Single Family Residential,507 Maple Way,Houston,TX,77015,135000,3,1.5,Home Owned Estates,1072,6600,1960,34,126,,Active,,,http://www.redfin.com/TX/Houston/507-Maple-Way-77015/home/30077573,HARMLS,91855337,N,Y,29.7773496,-95.2015716
MLS Listing,,Multi-Family (2-4 Unit),3501 Sarah St,Houston,TX,77026,379999,0,1.0,Mc Gowan N S B B,3038,5000,1950,35,125,,Active,,,http://www.redfin.com/TX/Houston/3501-Sarah-St-77026/home/29725074,HARMLS,38792238,N,Y,29.7878759,-95.3349854
MLS Listing,,Multi-Family (2-4 Unit),2016 Creston Dr #1,Houston,TX,77026,143000,0,2.0,Creston Place,1592,7800,1958,35,90,,Active,,,http://www.redfin.com/TX/Houston/2016-Creston-Dr-77026/unit-1/home/95469057,HARMLS,23332907,N,Y,29.8187178,-95.348522
MLS Listing,,Vacant Land,4302 Lavender St,Houston,TX,77026,91500,,,Kashmere Gardens,,15000,,35,,,Active,,,http://www.redfin.com/TX/Houston/4302-Lavender-St-77026/home/29936703,HARMLS,24988290,N,Y,29.799448,-95.320052
MLS Listing,,Vacant Land,3306 Caplin St,Houston,TX,77026,67000,,,Humble Road Gardens,,9300,,35,,,Active,,,http://www.redfin.com/TX/Houston/3306-Caplin-St-77026/home/29962495,HARMLS,58855821,N,Y,29.8161456,-95.3383769
MLS Listing,,Vacant Land,3917 Sayers St,Houston,TX,77026,62000,,,Valencia Park,,5000,,35,,,Active,,,http://www.redfin.com/TX/Houston/3917-Sayers-St-77026/home/167729298,HARMLS,88660740,N,Y,29.79598,-95.331472
MLS Listing,,Vacant Land,4615 Collingsworth St,Houston,TX,77026,43500,,,Kashmere Gardens,,5808,,35,,,Active,,,http://www.redfin.com/TX/Houston/4615-Collingsworth-St-77026/home/29937763,HARMLS,57678201,N,Y,29.794216,-95.3232079
MLS Listing,,Vacant Land,4517 Pickfair St,Houston,TX,77026,96000,,,Kashmere Gardens,,15000,,35,,,Active,,,http://www.redfin.com/TX/Houston/4517-Pickfair-St-77026/home/29936623,HARMLS,59645689,N,Y,29.801944,-95.319305
MLS Listing,,Vacant Land,2201 Lucas St,Houston,TX,77026,55000,,,Home,,7100,,35,,,Active,,,http://www.redfin.com/TX/Houston/2201-Lucas-St-77026/home/29686668,HARMLS,38721320,N,Y,29.781874,-95.330435
MLS Listing,,Vacant Land,1917 Creston Dr,Houston,TX,77026,48000,,,Creston Place,,7000,,35,,,Active,,,http://www.redfin.com/TX/Houston/1917-Creston-Dr-77026/home/29960453,HARMLS,66170623,N,Y,29.819301,-95.348842
MLS Listing,,Vacant Land,3309 Reid St,Houston,TX,77026,69500,,,Humble Road Gardens,,9300,,35,,,Active,,,http://www.redfin.com/TX/Houston/3309-Reid-St-77026/home/29962477,HARMLS,15993830,N,Y,29.815657,-95.338149
MLS Listing,,Vacant Land,3918 Pickfair St,Houston,TX,77026,91000,,,Kashmere Gardens,,15000,,35,,,Active,,,http://www.redfin.com/TX/Houston/3918-Pickfair-St-77026/home/147405470,HARMLS,75709590,N,Y,29.7961328,-95.3184442
MLS Listing,,Vacant Land,2518 Creston Dr,Houston,TX,77026,59000,,,Creston Terrace,,7810,,35,,,Active,,,http://www.redfin.com/TX/Houston/2518-Creston-Dr-77026/home/29960377,HARMLS,46421231,N,Y,29.818767,-95.344727
MLS Listing,,Vacant Land,2015 Creston Dr,Houston,TX,77026,53000,,,Creston Place,,7000,,35,,,Active,,,http://www.redfin.com/TX/Houston/2015-Creston-Dr-77026/home/147405193,HARMLS,70005390,N,Y,29.819271,-95.3486332
MLS Listing,,Vacant Land,5317 Caplin St,Houston,TX,77026,67000,,,Kashmere Gardens Park,,12060,,35,,,Active,,,http://www.redfin.com/TX/Houston/5317-Caplin-St-77026/home/147405354,HARMLS,88055227,N,Y,29.8156378,-95.3177365
MLS Listing,,Vacant Land,4122 Wayne St,Houston,TX,77026,77000,,,Kashmere Gardens,,15000,,35,,,Active,,,http://www.redfin.com/TX/Houston/4122-Wayne-St-77026/home/29936939,HARMLS,74961941,N,Y,29.7985759,-95.325415
MLS Listing,,Vacant Land,4605 Majestic St,Houston,TX,77026,59500,,,Liberty Gardens 2,,10200,,35,,,Active,,,http://www.redfin.com/TX/Houston/4605-Majestic-St-77026/home/29966947,HARMLS,32893282,N,Y,29.80204,-95.307066
MLS Listing,,Vacant Land,7222 Tuck St,Houston,TX,77020,77500,,,Houston Harbor,,5000,,35,,,Active,,,http://www.redfin.com/TX/Houston/7222-Tuck-St-77020/home/167728001,HARMLS,24940298,N,Y,29.7688747,-95.2967026
MLS Listing,,Vacant Land,3718 & 3720 Market St,Houston,TX,77020,119000,,,Tom Stuart,,9077,,35,,,Active,,,http://www.redfin.com/TX/Houston/3720-Market-St-77020/home/43516069,HARMLS,63013497,N,Y,29.7723917,-95.3325394
MLS Listing,,Vacant Land,3708 Market St,Houston,TX,77020,81000,,,Tom Stuart,,5000,,35,,,Active,,,http://www.redfin.com/TX/Houston/3708-Market-St-77020/home/147406369,HARMLS,96664324,N,Y,29.772398,-95.332487
MLS Listing,,Vacant Land,7213 Sayers St,Houston,TX,77016,59500,,,Bennington Place,,8490,,35,,,Active,,,http://www.redfin.com/TX/Houston/7213-Sayers-St-77016/home/146073663,HARMLS,45873438,N,Y,29.8257691,-95.3326948
MLS Listing,,Vacant Land,0 Lanewell St,Houston,TX,77029,43000,,,Fidelity,,10559,,35,,,Active,,,http://www.redfin.com/TX/HOUSTON/LANE-ST-77029/home/29835809,HARMLS,10549162,N,Y,29.760191,-95.251333
MLS Listing,,Multi-Family (2-4 Unit),11914 Fleming Dr,Houston,TX,77013,260000,0,3.0,Wood Shadows 3 & Rp,3076,8527,1969,36,85,,Active,,,http://www.redfin.com/TX/Houston/11914-Fleming-Dr-77013/home/30241033,HARMLS,57645698,N,Y,29.775597,-95.2237721
MLS Listing,,Single Family Residential,906 Redondo Dr,Houston,TX,77015,190000,3,1.5,Home Owned Estates Sec 05,1675,8240,1958,38,113,,Active,,,http://www.redfin.com/TX/Houston/906-Redondo-Dr-77015/home/30077389,HARMLS,75360903,N,Y,29.7797785,-95.2005933
MLS Listing,,Vacant Land,6906 Weyburn St,Houston,TX,77028,36500,,,Pelham Place Sec 02,,9193,,38,,,Active,,,http://www.redfin.com/TX/Houston/6906-Weyburn-St-77028/home/29995323,HARMLS,6012289,N,Y,29.8365657,-95.3036549
MLS Listing,,Townhouse,3548 Cline St,Houston,TX,77020,299950,3,3.0,Cline Street Place,2055,1772,2005,38,146,174,Active,,,http://www.redfin.com/TX/Houston/3548-Cline-St-77020/home/29328900,HARMLS,41646871,N,Y,29.7664506,-95.333964
MLS Listing,,Single Family Residential,3510 Cline St,Houston,TX,77020,264900,2,2.0,Cline Street Place,1410,1654,2005,38,188,174,Active,,,http://www.redfin.com/TX/Houston/3510-Cline-St-77020/home/29327419,HARMLS,81757703,N,Y,29.7663007,-95.3346075
MLS Listing,,Single Family Residential,2903 Gillespie St Unit C,Houston,TX,77020,405000,3,3.5,Gillespie Street City Views,2477,1497,2019,38,164,,Active,,,http://www.redfin.com/TX/Houston/2903-Gillespie-St-77020/unit-C/home/144615498,HARMLS,60421763,N,Y,29.7674459,-95.3404352
MLS Listing,,Single Family Residential,1508 Sydnor St,Houston,TX,77020,298000,3,2.0,Sydnor,1426,5000,1960,39,209,,Active,August-2-2020 02:00 PM,August-2-2020 04:00 PM,http://www.redfin.com/TX/Houston/1508-Sydnor-St-77020/home/29758078,HARMLS,74784955,N,Y,29.7747487,-95.3384374
MLS Listing,,Single Family Residential,8602 Lavender St,Houston,TX,77016,189999,3,1.5,Autumn Place,1428,54950,1954,39,133,,Active,,,http://www.redfin.com/TX/Houston/8602-Lavender-St-77016/home/29943386,HARMLS,3371025,N,Y,29.838428,-95.320876
MLS Listing,,Townhouse,3428 Cline St,Houston,TX,77020,290000,3,2.0,Cline Street Place,1582,1752,2005,41,183,117,Active,,,http://www.redfin.com/TX/Houston/3428-Cline-St-77020/home/29327414,HARMLS,29769379,N,Y,29.7665766,-95.3350365
MLS Listing,,Vacant Land,1805 Saint Elmo St,Houston,TX,77020,77500,,,Chapmans Sec 03,,4250,,42,,,Active,,,http://www.redfin.com/TX/Houston/1805-St-Elmo-St-77020/home/29658125,HARMLS,57299385,N,Y,29.7784273,-95.3291562
MLS Listing,,Single Family Residential,12205 Nola Ct,Houston,TX,77013,119000,2,2.5,Magnolia Manor U/r,1440,16368,1959,42,83,,Active,,,http://www.redfin.com/TX/Houston/12205-Nola-Ct-77013/home/30096341,HARMLS,64258275,N,Y,29.7928999,-95.2227424
MLS Listing,,Single Family Residential,1625 Margaret St,Houston,TX,77093,299000,2,2.0,Sunnyland Farms,728,40000,1950,43,411,,Active,,,http://www.redfin.com/TX/Houston/1625-Margaret-St-77093/home/29927269,HARMLS,76546723,N,Y,29.8649546,-95.3601142
MLS Listing,,Single Family Residential,7842 Belroit St,Houston,TX,77028,126900,3,2.0,Liberty Road Manor Sec 16 U/r,1200,4199,1970,43,106,,Active,,,http://www.redfin.com/TX/Houston/7842-Belroit-St-77028/home/29734438,HARMLS,9274710,N,Y,29.8229946,-95.2856486
MLS Listing,,Vacant Land,4915 Falls St,Houston,TX,77026,49900,,,Valencia Park,,5000,,43,,,Active,,,http://www.redfin.com/TX/Houston/4915-Falls-St-77026/home/29876706,HARMLS,40677346,N,Y,29.805559,-95.3309869
MLS Listing,,Single Family Residential,4602 Chisum St,Houston,TX,77020,175000,3,1.5,Pinecrest Court,1008,8148,1936,43,174,,Active,,,http://www.redfin.com/TX/Houston/4602-Chisum-St-77020/home/29877715,HARMLS,70036889,N,Y,29.7746701,-95.3235868
MLS Listing,,Vacant Land,8534 Talton St,Houston,TX,77028,49900,,,Johnson Place,,21150,,43,,,Active,,,http://www.redfin.com/TX/Houston/8534-Talton-St-77028/home/30046119,HARMLS,73261750,N,Y,29.843328,-95.267128
MLS Listing,,Single Family Residential,7938 Safebuy St,Houston,TX,77028,99575,3,2.0,Liberty Road Manor Sec 22 U/r,1184,4000,2020,44,84,,Active,,,http://www.redfin.com/TX/Houston/7938-Safebuy-St-77028/home/29735365,HARMLS,97391687,N,Y,29.826877,-95.283055
MLS Listing,,Single Family Residential,3810 Broyles St,Houston,TX,77026,153000,3,1.0,Orgen,1050,3500,1998,44,146,,Active,,,http://www.redfin.com/TX/Houston/3810-Broyles-St-77026/home/30683777,HARMLS,49909330,N,Y,29.7957975,-95.3275087
MLS Listing,,Single Family Residential,3924 Hoffman St,Houston,TX,77026,153999,3,2.0,Liberty Gardens Ext Sec 01,1100,10380,1980,44,140,,Active,,,http://www.redfin.com/TX/Houston/3924-Hoffman-St-77026/home/29967366,HARMLS,61920570,N,Y,29.7962076,-95.3128031
MLS Listing,,Single Family Residential,534 Zoe St,Houston,TX,77020,125000,2,1.0,Denver,656,6250,1940,45,191,,Active,,,http://www.redfin.com/TX/Houston/534-Zoe-St-77020/home/29663111,HARMLS,11854933,N,Y,29.7789499,-95.3034507
MLS Listing,,Single Family Residential,528 Zoe St,Houston,TX,77020,175000,3,1.5,Denver,1136,6250,1940,45,154,,Active,,,http://www.redfin.com/TX/Houston/528-Zoe-St-77020/home/29663110,HARMLS,53950021,N,Y,29.7791287,-95.3034915
MLS Listing,,Single Family Residential,3419 Caplin St,Houston,TX,77026,159900,3,2.0,Huntington Place Ext,1075,5000,1995,45,149,,Active,,,http://www.redfin.com/TX/Houston/3419-Caplin-St-77026/home/29946842,HARMLS,45379033,N,Y,29.8165991,-95.3371919
MLS Listing,,Single Family Residential,1905 Harlem,Houston,TX,77020,269900,2,2.5,Lyons Redev,1700,2300,2020,46,159,,Active,,,http://www.redfin.com/TX/Houston/1905-Harlem-St-77020/home/169942011,HARMLS,42147807,N,Y,29.778531,-95.3168329
MLS Listing,,Vacant Land,3019 Grovey St,Houston,TX,77026,37500,,,Grovey,,5512,,46,,,Active,,,http://www.redfin.com/TX/Houston/3019-Grovey-St-77026/home/30018927,HARMLS,45306953,N,Y,29.790341,-95.333416
MLS Listing,,Vacant Land,11727 Wallisville Rd,Houston,TX,77013,350000,,,Wallisville Gardens U/r,,25830,,47,,,Active,,,http://www.redfin.com/TX/Houston/11727-Wallisville-Rd-77013/home/30052377,HARMLS,81605483,N,Y,29.7999035,-95.2278298
MLS Listing,,Single Family Residential,8702 Banting St,Houston,TX,77078,172999,3,2.0,Chatwood Place Sec 05,1357,7980,2020,47,127,,Active,,,http://www.redfin.com/TX/Houston/8702-Banting-St-77078/home/30114205,HARMLS,70556558,N,Y,29.8400356,-95.2477748
MLS Listing,,Single Family Residential,354 Eado Park Cir,Houston,TX,77020,400000,3,3.5,Nobility Park Rep 1,2239,1645,2017,47,179,100,Active,,,http://www.redfin.com/TX/Houston/354-Eado-Park-Cir-77020/home/148058770,HARMLS,52410405,N,Y,29.765815,-95.33983
MLS Listing,,Single Family Residential,10110 Lafferty Oaks St,Houston,TX,77013,197000,4,2.5,Songwood,1778,7420,1955,48,111,3,Active,,,http://www.redfin.com/TX/Houston/10110-Lafferty-Oaks-St-77013/home/30125962,HARMLS,90726848,N,Y,29.7775367,-95.2505913
MLS Listing,,Vacant Land,1018 Press St,Houston,TX,77020,97000,,,Harris & Wilson 2 League Grant,,5000,,48,,,Active,,,http://www.redfin.com/TX/Houston/1018-Press-St-77020/home/29779089,HARMLS,13069338,N,Y,29.771424,-95.328313
MLS Listing,,Vacant Land,0 Pate Rd Pate Rd,Houston,TX,77016,40000,,,Bristol Place,,8550,,48,,,Active,,,http://www.redfin.com/TX/Houston/0-Pate-Rd-Pate-Rd-77016/home/172045519,HARMLS,6604926,N,Y,29.854989,-95.31706
MLS Listing,,Single Family Residential,14026 Woodforest Blvd,Houston,TX,77015,185000,4,2.0,Woodforest,2080,8818,1963,48,89,21,Active,,,http://www.redfin.com/TX/Houston/14026-Woodforest-Blvd-77015/home/30174900,HARMLS,40784254,N,Y,29.7909813,-95.1747958
MLS Listing,,Single Family Residential,7409 Miley St,Houston,TX,77028,159000,3,2.0,Homestead Sec 02,1656,8400,1960,48,96,,Active,,,http://www.redfin.com/TX/Houston/7409-Miley-St-77028/home/29989936,HARMLS,77679745,N,Y,29.817156,-95.2952431
MLS Listing,,Single Family Residential,3010 Baer St,Houston,TX,77020,220000,0,,Swiney,1732,5000,1935,49,127,,Active,,,http://www.redfin.com/TX/Houston/3010-Baer-St-77020/home/29758153,HARMLS,90708579,N,Y,29.7678203,-95.3391532
MLS Listing,,Single Family Residential,10727 Nyla Spring St,Houston,TX,77016,222336,4,3.0,Towne Park Village,1871,55,2020,49,119,25,Active,August-1-2020 11:00 AM,August-1-2020 04:00 PM,http://www.redfin.com/TX/Houston/10727-Spring-St-77007/home/172039560,HARMLS,13682757,N,Y,29.869558,-95.292664
MLS Listing,,Single Family Residential,10723 Nyla Spring St,Houston,TX,77016,207184,3,2.5,Towne Park Village,1658,55,2020,49,125,25,Active,August-1-2020 11:00 AM,August-1-2020 04:00 PM,http://www.redfin.com/TX/Houston/10723-Spring-St-77007/home/172039415,HARMLS,12489719,N,Y,29.869558,-95.292664
MLS Listing,,Single Family Residential,4407 Engleford St,Houston,TX,77026,128500,3,2.0,Harris & Wilson,1876,4792,1943,49,68,,Active,,,http://www.redfin.com/TX/Houston/4407-Engleford-St-77026/home/29778691,NTREIS,14361313,N,Y,29.7929035,-95.325466
MLS Listing,,Single Family Residential,3446 Cline St,Houston,TX,77020,335000,3,2.5,Cline Street Place,2474,1998,2005,50,135,174,Active,,,http://www.redfin.com/TX/Houston/3446-Cline-St-77020/home/29327406,HARMLS,60272673,N,Y,29.7663259,-95.334822
MLS Listing,,Single Family Residential,7635 Aiiden Ridge Ln,Houston,TX,77016,209604,3,2.5,Towne Park Village,1659,,2020,50,126,25,Active,August-1-2020 11:00 AM,August-1-2020 04:00 PM,http://www.redfin.com/TX/Houston/7635-Aiiden-Ridge-LN-77016/home/172410266,HARMLS,84224189,N,Y,29.869797,-95.289757
MLS Listing,,Single Family Residential,7639 Aiiden Ridge Ln,Houston,TX,77016,200334,3,2.0,Towne Park Village,1486,,2020,50,135,25,Active,August-1-2020 11:00 AM,August-1-2020 04:00 PM,http://www.redfin.com/TX/Houston/7639-Aiiden-Ridge-LN-77016/home/172489950,HARMLS,40352950,N,Y,29.869797,-95.289757
MLS Listing,,Single Family Residential,3222 King St,Houston,TX,77026,170000,3,2.0,Huntington Place Ext,919,7000,2020,53,185,,Active,,,http://www.redfin.com/TX/Houston/3222-King-St-77026/home/29946915,HARMLS,61558512,N,Y,29.817748,-95.338764
MLS Listing,,Vacant Land,6210 Laura Koppe Rd,Houston,TX,77016,207000,,,Laura Koppe Place,,27000,,53,,,Active,,,http://www.redfin.com/TX/Houston/6210-Laura-Koppe-Rd-77016/home/172000593,HARMLS,74673555,N,Y,29.8404509,-95.3079429
MLS Listing,,Single Family Residential,8619 Bertwood,Houston,TX,77016,205000,3,2.0,Shadydale Addition Partial Replate 1,1769,,2020,53,116,,Active,,,http://www.redfin.com/TX/Houston/8619-Bertwood-St-77016/home/172000261,HARMLS,50134001,N,Y,29.8391258,-95.3099945
MLS Listing,,Single Family Residential,4005 King St,Houston,TX,77026,80000,1,1.0,Wilshire Place,1683,9200,1973,53,48,,Active,,,http://www.redfin.com/TX/Houston/4005-King-St-77026/home/171999108,HARMLS,9392527,N,Y,29.8183173,-95.3314717
MLS Listing,,Single Family Residential,5119 Noldale Dr,Houston,TX,77016,189000,3,2.0,Fair Oaks Add,1502,7485,1970,53,126,,Active,,,http://www.redfin.com/TX/Houston/5119-Noldale-Dr-77016/home/30170237,HARMLS,13214541,N,Y,29.8658612,-95.3149679
MLS Listing,,Single Family Residential,9106 Linda Vista Rd,Houston,TX,77078,149900,3,2.0,Chatwood Place,1099,7800,1952,54,136,,Active,,,http://www.redfin.com/TX/Houston/9106-Linda-Vista-Rd-77078/home/30020930,HARMLS,60802163,N,Y,29.8387699,-95.2563035
MLS Listing,,Single Family Residential,1901 & 1903 Parker Rd,Houston,TX,77093,495000,3,1.0,Wellington Place,1160,27897,1952,54,427,,Active,,,http://www.redfin.com/TX/Houston/1903-Parker-Rd-77093/home/29957267,HARMLS,40281433,N,Y,29.8596222,-95.3559603
MLS Listing,,Single Family Residential,2423 Bleker St,Houston,TX,77026,279900,3,2.5,Greater Fifth Ward,1802,,,54,155,,Active,,,http://www.redfin.com/TX/Houston/2423-Bleker-St-77026/home/171977984,HARMLS,44247569,N,Y,29.7844815,-95.3336959
MLS Listing,,Vacant Land,6520 Shotwell St,Houston,TX,77028,50000,,,Trinity Gardens Sec 02,,10200,,54,,,Active,,,http://www.redfin.com/TX/Houston/6520-Shotwell-St-77028/home/29942327,HARMLS,43042892,N,Y,29.8198619,-95.3121088
MLS Listing,,Multi-Family (2-4 Unit),4409 Hershe St #4,Houston,TX,77020,460000,0,,Burke Sec 02,2560,5000,1946,55,180,,Active,,,http://www.redfin.com/TX/Houston/4409-Hershe-St-77020/unit-4/home/29815093,HARMLS,48923004,N,Y,29.7778253,-95.3257276
MLS Listing,,Vacant Land,9702 Crofton St,Houston,TX,77051,83000,,,Oak Briar Terrace R/p,,7000,,55,,,Active,,,http://www.redfin.com/TX/Houston/9702-Crofton-St-77016/home/30172757,HARMLS,70487741,N,Y,29.851554,-95.298569
MLS Listing,,Vacant Land,3915 Buck St,Houston,TX,77020,150000,,,Bryan Heights,,6864,,55,,,Active,,,http://www.redfin.com/TX/Houston/3915-Buck-St-77020/home/29655615,HARMLS,86425710,N,Y,29.7701831,-95.3310289
MLS Listing,,Single Family Residential,7266 Wiley Rd,Houston,TX,77016,149900,3,1.0,Scenic Woods,1200,7050,1952,55,125,,Active,,,http://www.redfin.com/TX/Houston/7266-Wiley-Rd-77016/home/30085038,HARMLS,61694747,N,Y,29.85939,-95.2965089
MLS Listing,,Multi-Family (2-4 Unit),7446 Weyburn St,Houston,TX,77028,220000,0,4.0,Rosewood Estates Sec 02,2418,8320,2006,56,91,,Active,,,http://www.redfin.com/TX/Houston/7446-Weyburn-St-77028/home/29995662,HARMLS,20391039,N,Y,29.8364039,-95.2941815
MLS Listing,,Vacant Land,8931 Homestead Rd Rd,Houston,TX,77016,75000,,,Barclay Place Sec 01,,10660,,58,,,Active,,,http://www.redfin.com/TX/Houston/8931-Homestead-Rd-77016/home/29977520,HARMLS,76461172,N,Y,29.843245,-95.302488
MLS Listing,,Vacant Land,7819 Fields St,Other,TX,77028,36000,,,,,5000,,58,,,Active,,,http://www.redfin.com/TX/Houston/7819-Fields-St-77028/home/30133613,ACTRIS,2800200,N,Y,29.808921,-95.286283
MLS Listing,,Single Family Residential,618 Meadow,Houston,TX,77020,375000,3,3.5,Views at Meadow Street,1886,1800,2020,60,199,,Active,,,http://www.redfin.com/TX/Houston/618-Meadow-St-77020/home/29758163,HARMLS,45656004,N,Y,29.7678571,-95.3393576
MLS Listing,,Single Family Residential,13307 Danshire Dr,Houston,TX,77049,139900,2,2.0,Hunterwood Village Sec 04,1152,8175,1984,60,121,,Active,,,http://www.redfin.com/TX/Houston/13307-Danshire-Dr-77049/home/30533532,HARMLS,87132800,N,Y,29.8198218,-95.2121305
MLS Listing,,Vacant Land,6822 Bacher St,Houston,TX,77028,30000,,,Eastland Acres,,6222,,60,,,Active,,,http://www.redfin.com/TX/Houston/6822-Bacher-St-77028/home/29970226,HARMLS,52322805,N,Y,29.825689,-95.2770029
MLS Listing,,Single Family Residential,8108 Dockal Rd,Houston,TX,77028,249500,3,2.5,East Houston Gardens 2,2156,43389,1947,60,116,,Active,,,http://www.redfin.com/TX/Houston/8108-Dockal-Rd-77028/home/29953650,HARMLS,94688086,N,Y,29.8283964,-95.2773823
MLS Listing,,Single Family Residential,3406 Cline St,Houston,TX,77020,295000,3,3.0,Cline Street Place,2067,1704,2005,60,143,175,Active,,,http://www.redfin.com/TX/Houston/3406-Cline-St-77020/home/29327443,HARMLS,35588484,N,Y,29.7664365,-95.3354349
MLS Listing,,Single Family Residential,13106 Indianapolis St,Houston,TX,77015,169500,3,2.0,Home Owned Estates Sec 05,1399,7800,1950,61,121,,Active,,,http://www.redfin.com/TX/Houston/13106-Indianapolis-St-77015/home/30077597,HARMLS,90756409,N,Y,29.7841369,-95.1941123
MLS Listing,,Vacant Land,10510 Wolbrook St,Houston,TX,77016,40000,,,Fontaine Place Sec 04,,7320,,61,,,Active,,,http://www.redfin.com/TX/Houston/10510-Wolbrook-St-77016/home/43507521,HARMLS,53357228,N,Y,29.864647,-95.30558
MLS Listing,,Single Family Residential,5603 Bacher St,Houston,TX,77028,187000,3,2.0,Holleman,1615,5000,2020,61,116,,Active,,,http://www.redfin.com/TX/Houston/5603-Bacher-St-77028/home/29767060,HARMLS,13074665,N,Y,29.8123527,-95.27777
MLS Listing,,Single Family Residential,2512 Melbourne St,Houston,TX,77026,135000,2,1.0,Huntington Place,1624,8500,1940,61,83,,Active,,,http://www.redfin.com/TX/Houston/2512-Melbourne-St-77026/home/29946491,HARMLS,63989132,N,Y,29.8166934,-95.3449151
MLS Listing,,Single Family Residential,9210 Compton St,Houston,TX,77016,99000,2,1.0,Barclay Place Sec,1003,10725,1938,62,99,,Active,,,http://www.redfin.com/TX/Houston/9210-Compton-St-77016/home/29977350,HARMLS,50629898,N,Y,29.8455528,-95.3054926
MLS Listing,,Single Family Residential,8902 Lanewood Dr,Houston,TX,77016,225000,4,2.0,Barclay Place Sec 01,2184,10725,1960,62,103,,Active,,,http://www.redfin.com/TX/Houston/8902-Lanewood-Dr-77016/home/29977477,HARMLS,28114150,N,Y,29.8422863,-95.3043287
MLS Listing,,Single Family Residential,14039 Victoria St,Houston,TX,77015,70000,3,2.0,Clover Leaf,924,7875,1980,62,76,,Active,,,http://www.redfin.com/TX/Houston/14039-Victoria-St-77015/home/29151388,HARMLS,32099803,N,Y,29.7838764,-95.1745412
MLS Listing,,Single Family Residential,1609 Hendrix St,Houston,TX,77093,239000,3,2.0,Hardy Street Gardens,1387,4000,2020,62,172,,Active,,,http://www.redfin.com/TX/Houston/1609-Hendrix-St-77093/home/30034594,HARMLS,54879900,N,Y,29.839571,-95.354414
MLS Listing,,Townhouse,28 Evanston St,Houston,TX,77015,160000,3,2.5,Collegeview Twnhses,1674,1166,2017,63,96,21,Active,,,http://www.redfin.com/TX/Houston/28-Evanston-St-77015/home/148108970,HARMLS,75487083,N,Y,29.8055748,-95.1782363
MLS Listing,,Single Family Residential,5101 Lockwood Dr,Houston,TX,77026,350000,0,,Kashmere Gardens,4217,30000,1959,64,83,,Active,,,http://www.redfin.com/TX/Houston/5101-Lockwood-Dr-77026/home/171850637,HARMLS,98364349,N,Y,29.8067774,-95.3173982
MLS Listing,,Multi-Family (2-4 Unit),4501 Falls St,Houston,TX,77026,168000,0,2.0,Valencia Park,1506,5000,1975,67,112,,Active,,,http://www.redfin.com/TX/Houston/4501-Falls-St-77026/home/29876808,HARMLS,88855343,N,Y,29.8011822,-95.3309609
MLS Listing,,Single Family Residential,318 Terminal St,Houston,TX,77020,194999,4,1.0,Denver Harbor Sec 03,1287,5654,1950,67,152,,Active,,,http://www.redfin.com/TX/Houston/318-Terminal-St-77020/home/30099652,HARMLS,2929737,N,Y,29.7828904,-95.2894862
MLS Listing,,Vacant Land,0 Guessena St,Houston,TX,77013,30000,,,Reels & Trobough,,26641,,68,,,Active,,,http://www.redfin.com/TX/Houston/Guessena-St-77013/home/52767078,HARMLS,63933253,N,Y,29.806913,-95.248254
MLS Listing,,Vacant Land,4326 Sumpter St,Houston,TX,77020,72999,,,Alton,,5394,,71,,,Active,,,http://www.redfin.com/TX/Houston/4326-Sumpter-St-77020/home/29851269,HARMLS,32362644,N,Y,29.7794599,-95.3269168
MLS Listing,,Vacant Land,618 Sydnor St,Houston,TX,77020,120000,,,Swiney,,2500,,71,,,Active,,,http://www.redfin.com/TX/Houston/618-Sydnor-St-77020/home/29758158,HARMLS,62690050,N,Y,29.767712,-95.338328
MLS Listing,,Single Family Residential,5205 Kashmere St,Houston,TX,77026,148500,3,1.0,Kashmere Gardens Ext,1312,12360,1950,73,113,,Active,,,http://www.redfin.com/TX/Houston/5205-Kashmere-St-77026/home/29938748,HARMLS,29562445,N,Y,29.8079129,-95.3244856
MLS Listing,,Vacant Land,5501 Weaver Rd,Houston,TX,77016,58750,,,Triangle Gardens Sec 03,,7400,,73,,,Active,,,http://www.redfin.com/TX/Houston/5501-Weaver-Rd-77016/home/29979867,HARMLS,45650566,N,Y,29.834514,-95.312845
MLS Listing,,Vacant Land,2603 Amboy St St,Houston,TX,77026,32000,,,Harris & Wilson,,4450,,73,,,Active,,,http://www.redfin.com/TX/Houston/2603-Amboy-St-77026/home/29777663,HARMLS,16146640,N,Y,29.785652,-95.325029
MLS Listing,,Single Family Residential,14029 Mcnair St,Houston,TX,77015,149900,3,2.0,Clover Leaf Sec 03,1176,5250,1960,75,127,,Active,,,http://www.redfin.com/TX/Houston/14029-McNair-St-77015/home/29931764,HARMLS,68138336,N,Y,29.7734264,-95.1750403
MLS Listing,,Vacant Land,0 Plaag St,Houston,TX,77016,19000,,,Bilo Place,,3930,,76,,,Active,,,http://www.redfin.com/TX/HOUSTON/PLAAG-ST-77016/home/29998590,HARMLS,90521790,N,Y,29.832916,-95.324761
MLS Listing,,Single Family Residential,4025 Linder St,Houston,TX,77026,159000,2,2.0,Wilshire Place,1402,6250,1935,76,113,,Active,,,http://www.redfin.com/TX/Houston/4025-Linder-St-77026/home/29957809,HARMLS,73820656,N,Y,29.814518,-95.3306545
MLS Listing,,Single Family Residential,14109 Longview St,Houston,TX,77015,165000,3,2.0,Clover Leaf Sec 02,2075,10710,1965,77,80,,Active,,,http://www.redfin.com/TX/Houston/14109-Longview-St-77015/home/29931631,HARMLS,52314926,N,Y,29.7860334,-95.1738791
MLS Listing,,Vacant Land,0 Coulson St,Houston,TX,77015,27500,,,Woodland Acres Annex Sec 03,,11752,,77,,,Active,,,http://www.redfin.com/TX/Houston/Coulson-St-77015/home/171583162,HARMLS,53506383,N,Y,29.762781,-95.218356
MLS Listing,,Single Family Residential,4108 Buck St #1,Houston,TX,77020,329900,3,3.5,Bryan Heights,1883,,2020,78,175,,Active,,,http://www.redfin.com/TX/Houston/4108-Buck-St-77020/unit-1/home/171580043,HARMLS,751133,N,Y,29.769877,-95.3295106
MLS Listing,,Vacant Land,7501 E Houston Rd,Houston,TX,77028,71900,,,East Houston Gardens,,13939,,78,,,Active,,,http://www.redfin.com/TX/Houston/7501-E-Houston-Rd-77028/home/171578591,HARMLS,71377283,N,Y,29.830055,-95.270407
MLS Listing,,Single Family Residential,8143 Chateau St,Houston,TX,77028,185000,3,2.5,Liberty Road Manor Sec 05,1610,4000,2020,80,115,,Active,,,http://www.redfin.com/TX/Houston/8143-Chateau-St-77028/home/171564164,HARMLS,42603762,N,Y,29.8206235,-95.2777695
MLS Listing,,Single Family Residential,8135 Chateau St,Houston,TX,77028,185000,3,2.5,Liberty Road Manor Sec 05,1610,4000,2020,80,115,,Active,,,http://www.redfin.com/TX/Houston/8135-Chateau-St-77028/home/171564104,HARMLS,83675343,N,Y,29.820621,-95.2779619
MLS Listing,,Single Family Residential,1909 Skinner Rd,Houston,TX,77093,109900,3,1.5,Marshall Terrace,1325,6540,1940,81,83,,Active,,,http://www.redfin.com/TX/Houston/1909-Skinner-Rd-77093/home/30005965,HARMLS,14933056,N,Y,29.8675401,-95.3560318
MLS Listing,,Vacant Land,8918 Sandra St,Houston,TX,77016,79900,,,Buckingham Place,,27969,,81,,,Active,,,http://www.redfin.com/TX/Houston/8918-Sandra-St-77016/home/29787220,HARMLS,16006471,N,Y,29.842753,-95.313494
MLS Listing,,Vacant Land,8837 Crestview Dr,Houston,TX,77078,37500,,,Chatwood Place,,7644,,82,,,Active,,,http://www.redfin.com/TX/Houston/8837-Crestview-Dr-77078/home/30021095,HARMLS,7067865,N,Y,29.837451,-95.260485
MLS Listing,,Vacant Land,5947 Collingsworth,Houston,TX,77026,39500,,,Englewood Acres,,5000,,82,,,Active,,,http://www.redfin.com/TX/Houston/5947-Collingsworth-St-77026/home/147405373,HARMLS,52105355,N,Y,29.7946509,-95.3111682
MLS Listing,,Vacant Land,4023 King St,Houston,TX,77026,69000,,,Wilshire Place,,9200,,82,,,Active,,,http://www.redfin.com/TX/Houston/4023-King-St-77026/home/29957948,HARMLS,48250393,N,Y,29.818315,-95.330848
MLS Listing,,Vacant Land,3320 Creston Dr,Houston,TX,77026,78000,,,Creston Place Ext,,10244,,82,,,Active,,,http://www.redfin.com/TX/Houston/3320-Creston-Dr-77026/home/29960404,HARMLS,54887479,N,Y,29.8189359,-95.3371
MLS Listing,,Vacant Land,3810 Lynnfield St,Houston,TX,77016,42500,,,Westcott Gardens Sec 05,,8400,,82,,,Active,,,http://www.redfin.com/TX/Houston/3810-Lynnfield-St-77016/home/29980188,HARMLS,52236948,N,Y,29.820269,-95.33325
MLS Listing,,Vacant Land,5210 Denmark St,Houston,TX,77016,48000,,,Trinity Gardens Sec 03,,15276,,82,,,Active,,,http://www.redfin.com/TX/Houston/5210-Denmark-St-77016/home/144358925,HARMLS,44064825,N,Y,29.827279,-95.314514
MLS Listing,,Single Family Residential,7629 Bellingham Dr,Houston,TX,77028,163000,3,2.0,Glen Manor,1103,7200,1950,82,148,,Active,,,http://www.redfin.com/TX/Houston/7629-Bellingham-Dr-77028/home/29999924,HARMLS,63459834,N,Y,29.8452824,-95.2900067
MLS Listing,,Vacant Land,0 Haddick St,Houston,TX,77028,55000,,,Timmerman Place,,14000,,84,,,Active,,,http://www.redfin.com/TX/HOUSTON/HADDICK-ST-77028/home/30027785,HARMLS,85699033,N,Y,29.848886,-95.271447
MLS Listing,,Multi-Family (2-4 Unit),2010 Caplin St,Houston,TX,77026,350000,0,4.0,Huntington Place,4926,6000,1945,84,71,,Active,,,http://www.redfin.com/TX/Houston/2010-Caplin-St-77026/home/29946658,HARMLS,77575926,N,Y,29.8155948,-95.3486749
MLS Listing,,Single Family Residential,8222 Autumn Ln,Houston,TX,77016,145000,2,1.0,Berry School,1120,3950,1965,84,129,,Active,,,http://www.redfin.com/TX/Houston/8222-Autumn-Ln-77016/home/29917172,HARMLS,70708646,N,Y,29.835633,-95.3224022
MLS Listing,,Multi-Family (2-4 Unit),4701 Hoffman St,Houston,TX,77026,750000,0,9.0,Kashmere Gardens,6633,17340,1965,86,113,150,Active,,,http://www.redfin.com/TX/Houston/4701-Hoffman-St-77026/home/29937731,HARMLS,53623570,N,Y,29.803515,-95.3132
MLS Listing,,Single Family Residential,314 White Cedar St,Houston,TX,77015,237000,3,4.5,Woodforest Sec 14,2741,11050,1968,86,86,21,Active,,,http://www.redfin.com/TX/Houston/314-White-Cedar-St-77015/home/30221444,HARMLS,85492695,N,Y,29.7963973,-95.1839235
MLS Listing,,Single Family Residential,4108 Buck St #3,Houston,TX,77020,339900,3,3.5,Modern at Buck,1971,,2020,86,172,,Active,,,http://www.redfin.com/TX/Houston/4108-Buck-St-77020/unit-3/home/171548321,HARMLS,61403428,N,Y,29.769877,-95.3295106
MLS Listing,,Single Family Residential,7610 Tully St,Houston,TX,77016,253900,4,3.5,Scenic Woods,2132,10729,2019,87,119,,Active,,,http://www.redfin.com/TX/Houston/7610-Tully-St-77016/home/30084326,HARMLS,54506339,N,Y,29.8661107,-95.2907518
MLS Listing,,Single Family Residential,8022 Record St,Houston,TX,77028,225000,3,2.0,Clairmont Place Sec 02,,7020,2020,87,,,Active,,,http://www.redfin.com/TX/Houston/8022-Record-St-77028/home/30021415,HARMLS,56761120,N,Y,29.846461,-95.281447
MLS Listing,,Single Family Residential,218 Hoffman St,Houston,TX,77020,179900,4,2.0,Denver,1610,6250,1950,89,112,,Active,,,http://www.redfin.com/TX/Houston/218-Hoffman-St-77020/home/29664196,HARMLS,38087523,N,Y,29.7848806,-95.310761
MLS Listing,,Single Family Residential,8016 Munn St,Houston,TX,77029,139900,6,2.0,Port Houston Ns,1912,5000,1948,89,73,,Active,,,http://www.redfin.com/TX/Houston/8016-Munn-St-77029/home/29731281,HARMLS,57824704,N,Y,29.7609377,-95.2846688
MLS Listing,,Vacant Land,3313 Baer St,Houston,TX,77020,220000,,,Swiney Add,,5000,,89,,,Active,,,http://www.redfin.com/TX/Houston/3313-Baer-St-77020/home/29758133,HARMLS,29502209,N,Y,29.7681741,-95.3359661
MLS Listing,,Single Family Residential,8730 Josie St,Houston,TX,77029,136999,3,2.0,Pleasantville Sec 06,1200,6105,1954,93,114,,Active,,,http://www.redfin.com/TX/Houston/8730-Josie-St-77029/home/30075141,HARMLS,22935425,N,Y,29.7624379,-95.268505
MLS Listing,,Single Family Residential,8125 Tidwell Rd,Houston,TX,77028,285000,2,1.0,Townley Place,,28080,1960,94,,,Active,,,http://www.redfin.com/TX/Houston/8125-Tidwell-Rd-77028/home/30038193,HARMLS,65660783,N,Y,29.8502431,-95.2767698
MLS Listing,,Vacant Land,8135 Tidwell Rd,Houston,TX,77028,299000,,,Townley Place Add,,14040,,95,,,Active,,,http://www.redfin.com/TX/Houston/8135-Tidwell-Rd-77078/home/169905613,HARMLS,15819392,N,Y,29.8501038,-95.276219
MLS Listing,,Vacant Land,8133 Tidwell Rd,Houston,TX,77028,74900,,,Townley Place,,7020,,95,,,Active,,,http://www.redfin.com/TX/Houston/8133-Tidwell-Rd-77028/home/171420232,HARMLS,15140814,N,Y,29.850151,-95.276438
MLS Listing,,Multi-Family (2-4 Unit),4417 A-B Bennington St #2,Houston,TX,77016,299854,0,3.0,Trinity Gardens,2600,16800,1960,95,115,,Active,,,http://www.redfin.com/TX/Houston/4417-A-B-Bennington-St-77016/unit-2/home/170178340,HARMLS,53549278,N,Y,29.822591,-95.324857
MLS Listing,,Vacant Land,6106 Laura Koppe Rd,Houston,TX,77016,46000,,,Shadydale,,15276,,95,,,Active,,,http://www.redfin.com/TX/Houston/6106-Bertwood-St-77016/home/144358936,HARMLS,2331059,N,Y,29.8325264,-95.3096123
MLS Listing,,Vacant Land,4021 King St,Houston,TX,77026,52000,,,Wilshire Place,,9215,,95,,,Active,,,http://www.redfin.com/TX/Houston/4021-King-St-77026/home/29957993,HARMLS,42703005,N,Y,29.818313,-95.331005
MLS Listing,,Vacant Land,1919 Capron St,Houston,TX,77020,72000,,,Chapmans 3,,6000,,95,,,Active,,,http://www.redfin.com/TX/Houston/1919-Capron-St-77020/home/29656707,HARMLS,66767374,N,Y,29.77975,-95.333409
MLS Listing,,Single Family Residential,2214 Abernathy St,Houston,TX,77026,197000,3,2.0,LT Blk 1 Abernathy Court,1496,2713,2020,96,132,,Active,,,http://www.redfin.com/TX/Houston/2214-Abernathy-St-77026/home/144929972,HARMLS,8277605,N,Y,29.7826312,-95.3285475
MLS Listing,,Vacant Land,Lot 31 Quail Ln,Falcon Heights,TX,78545,15000,,,Falconaire,,6534,,96,,,Active,,,http://www.redfin.com/TX/Falcon-Heights/Lot-31-Quail-LN-78545/home/171405311,MCALLENMLS,332907,N,Y,29.81197,-95.209994
MLS Listing,,Single Family Residential,8026 Laura Koppe Rd,Houston,TX,77028,150000,3,2.0,Clairmont Place,940,7020,1957,98,160,,Active,,,http://www.redfin.com/TX/Houston/8026-Laura-Koppe-Rd-77028/home/30021294,HARMLS,75333315,N,Y,29.8403519,-95.2811173
MLS Listing,,Vacant Land,2216 Des Chaumes St,Houston,TX,77026,199952,,,Champmans 3rd Add,,11269,,98,,,Active,,,http://www.redfin.com/TX/Houston/2216-Des-Chaumes-St-77026/unit-3/home/29576556,HARMLS,7791181,N,Y,29.78232,-95.338083
MLS Listing,,Vacant Land,5418 Bennington St,Houston,TX,77028,57500,,,Trinity Gardens Sec 02,,18040,,98,,,Active,,,http://www.redfin.com/TX/Houston/5418-Bennington-St-77028/home/29942301,HARMLS,94983569,N,Y,29.8175888,-95.3114553
MLS Listing,,Single Family Residential,4914 Earline St,Houston,TX,77016,169000,3,2.0,Buckingham Place Sec 01,1487,9300,1950,99,114,,Active,,,http://www.redfin.com/TX/Houston/4914-Earline-St-77016/home/29997084,HARMLS,61908213,N,Y,29.8415737,-95.3181539
MLS Listing,,Single Family Residential,13209 Corpus Christi St,Houston,TX,77015,184900,3,3.0,Home Owned Estates 5,1482,8400,1955,99,125,,Active,,,http://www.redfin.com/TX/Houston/13209-Corpus-Christi-St-77015/home/30076862,HARMLS,93093188,N,Y,29.7827607,-95.1924004
MLS Listing,,Single Family Residential,"8135,8139 Kenton St",Houston,TX,77028,320000,4,7.0,Liberty Road Manor Sec 03 U/r,3456,4000,2014,99,93,,Active,,,http://www.redfin.com/TX/Houston/8139-Kenton-St-77028/home/29732822,HARMLS,58529189,N,Y,29.8156811,-95.2779741
MLS Listing,,Vacant Land,00 Wylie St,Houston,TX,77026,93500,,,Ralston,,5500,,99,,,Active,,,http://www.redfin.com/TX/HOUSTON/WYLIE-ST-77026/home/29735576,HARMLS,47778872,N,Y,29.78846,-95.333761
MLS Listing,,Single Family Residential,2507 Des Chaumes St,Houston,TX,77026,289990,3,2.5,Liberty Square,1697,,,99,171,41,Active,,,http://www.redfin.com/TX/Houston/2507-Des-Chaumes-St-77026/home/146516487,HARMLS,13388201,N,Y,29.7847084,-95.3385137
MLS Listing,,Vacant Land,4217 Hare St,Houston,TX,77020,79900,,,Lexington Place,,4297,,101,,,Active,,,http://www.redfin.com/TX/Houston/4217-Hare-St-77020/home/29843142,HARMLS,30119656,N,Y,29.769463,-95.3279359
MLS Listing,,Vacant Land,1109 Worms St,Houston,TX,77020,175000,,,Michaud Addition,,17581,,103,,,Active,,,http://www.redfin.com/TX/Houston/1109-Worms-St-77020/home/29787886,HARMLS,22531532,N,Y,29.771403,-95.331954
MLS Listing,,Multi-Family (2-4 Unit),2401 Lockwood Dr,Houston,TX,77020,160000,0,1.0,Englewood,942,2500,1965,104,170,,Active,,,http://www.redfin.com/TX/Houston/2401-Lockwood-Dr-77020/home/29669901,HARMLS,23811000,N,Y,29.7833116,-95.3161524
MLS Listing,,Single Family Residential,4029 Buck St,Houston,TX,77020,299900,3,3.5,Replat/the Vlg/bryan Heights,2401,1575,2020,108,125,,Active,,,http://www.redfin.com/TX/Houston/4029-Buck-St-77020/home/112826304,HARMLS,20366902,N,Y,29.7702583,-95.3301234
MLS Listing,,Single Family Residential,1823 Cresline St,Houston,TX,77093,240000,3,2.0,Wellington Place,1995,8745,2020,115,120,,Active,,,http://www.redfin.com/TX/Houston/1823-Cresline-St-77093/home/29957123,HARMLS,58137791,N,Y,29.860979,-95.3570652
MLS Listing,,Vacant Land,7922 Sexton St,Houston,TX,77028,52900,,,Marcus Place,,7440,,115,,,Active,,,http://www.redfin.com/TX/Houston/7922-Sexton-St-77028/home/30011720,HARMLS,62707851,N,Y,29.807706,-95.283273
MLS Listing,,Vacant Land,4709 S Cavalcade St,Houston,TX,77026,165000,,,Kashmere Gardens,,15000,,116,,,Active,,,http://www.redfin.com/TX/Houston/4709-Cavalcade-St-77026/home/29936855,HARMLS,45191354,N,Y,29.800807,-95.322925
MLS Listing,,Vacant Land,4705 S Cavalcade St,Houston,TX,77026,295000,,,Kashmere Gardens,,30000,,116,,,Active,,,http://www.redfin.com/TX/Houston/4705-Cavalcade-St-77026/home/29936851,HARMLS,43729180,N,Y,29.8007989,-95.3230314
MLS Listing,,Vacant Land,00 Los Angeles St,Houston,TX,77026,75000,,,Crane Street Gardens,,9000,,116,,,Active,,,http://www.redfin.com/TX/Houston/3702-Los-Angeles-St-77026/home/30001456,HARMLS,58308292,N,Y,29.794739,-95.326516
MLS Listing,,Vacant Land,0 Cavalcade St,Houston,TX,77026,125000,,,Kashmere Gardens,,17500,,116,,,Active,,,http://www.redfin.com/TX/HOUSTON/CAVALCADE-ST-77026/home/29936718,HARMLS,63402890,N,Y,29.800828,-95.320769
MLS Listing,,Vacant Land,4513 Los Angeles St,Houston,TX,77026,75000,,,Crane Street Gardens,,9000,,116,,,Active,,,http://www.redfin.com/TX/Houston/4513-Los-Angeles-St-77026/home/29952797,HARMLS,83431171,N,Y,29.802087,-95.32748
MLS Listing,,Single Family Residential,8128 Eastover St,Houston,TX,77028,191000,3,2.0,Freedom Village,1650,2000,2020,118,116,,Active,,,http://www.redfin.com/TX/Houston/8128-Eastover-St-77028/home/108416764,HARMLS,62910115,N,Y,29.8243446,-95.2767677
MLS Listing,,Vacant Land,0 Trigg St,Houston,TX,77093,45000,,,Buckingham Place Sec 07,,10148,,119,,,Active,,,http://www.redfin.com/TX/HOUSTON/TRIGG-ST-77093/home/29997859,HARMLS,38424746,N,Y,29.849168,-95.324019
MLS Listing,,Vacant Land,000 Trigg St,Houston,TX,77093,35000,,,Buckingham Place Sec 07,,7670,,119,,,Active,,,http://www.redfin.com/TX/HOUSTON/TRIGG-ST-77093/home/29997860,HARMLS,2482204,N,Y,29.849166,-95.324748
MLS Listing,,Vacant Land,00 Trigg St,Houston,TX,77093,40000,,,Buckingham Place Sec 07,,10620,,119,,,Active,,,http://www.redfin.com/TX/HOUSTON/TRIGG-ST-77093/home/29997858,HARMLS,24270774,N,Y,29.849178,-95.324305
MLS Listing,,Single Family Residential,4506 Earline St,Houston,TX,77016,320000,5,3.0,Buckingham Place Sec 03,3500,10850,1948,119,91,,Active,,,http://www.redfin.com/TX/Houston/4506-Earline-St-77016/home/29997721,HARMLS,35301531,N,Y,29.8414192,-95.3242405
MLS Listing,,Single Family Residential,7809 Nashville St,Houston,TX,77028,160000,2,1.0,Settegast Gardens Sec 02,1056,4500,2017,120,152,,Active,,,http://www.redfin.com/TX/Houston/7809-Nashville-St-77028/home/30069022,HARMLS,54854641,N,Y,29.824049,-95.2863426
MLS Listing,,Single Family Residential,3005 Schuller Place Ct,Houston,TX,77093,159900,3,3.0,Schuller Place,1064,3173,2005,120,150,,Active,,,http://www.redfin.com/TX/Houston/3005-Schuller-Rd-77093/home/29264312,HARMLS,90604500,N,Y,29.8206216,-95.3402974
MLS Listing,,Single Family Residential,8718 Cowart St,Houston,TX,77029,115000,4,2.0,Pleasantville Sec 08,1495,5562,1955,121,77,,Active,,,http://www.redfin.com/TX/Houston/8718-Cowart-St-77029/home/30101971,HARMLS,97184102,N,Y,29.7646254,-95.2690763
MLS Listing,,Single Family Residential,6924 Hoffman St,Houston,TX,77028,145000,3,2.0,Trinity Gardens,864,30960,1940,122,168,,Active,,,http://www.redfin.com/TX/Houston/6924-Hoffman-St-77028/home/29942070,HARMLS,25648927,N,Y,29.8235178,-95.3108835
MLS Listing,,Single Family Residential,5421 Margarita St,Houston,TX,77020,175000,4,2.0,Buena Vista,910,8300,1942,123,192,,Active,,,http://www.redfin.com/TX/Houston/5421-Margarita-St-77020/home/29854730,HARMLS,45873958,N,Y,29.7705889,-95.3162749
MLS Listing,,Vacant Land,000 Hanna St,Houston,TX,77028,105000,,,East Houston Add,,40500,,125,,,Active,,,http://www.redfin.com/TX/HOUSTON/HANNA-ST-77028/home/29665141,HARMLS,62648100,N,Y,29.813354,-95.266362
MLS Listing,,Single Family Residential,3917 Falls St,Houston,TX,77026,214999,3,2.0,Valencia Park,1890,5000,1920,125,114,,Active,,,http://www.redfin.com/TX/Houston/3917-Falls-St-77026/home/29876744,HARMLS,55622304,N,Y,29.7959849,-95.3306954
MLS Listing,,Vacant Land,0 Maxey Rd,Houston,TX,77013,494900,,,Shady Brook,,31973,,125,,,Active,,,http://www.redfin.com/TX/Houston/Maxey-Rd-Unknown/home/73708864,HARMLS,17760308,N,Y,29.802472,-95.219066
MLS Listing,,Vacant Land,3711 Courtney St,Houston,TX,77026,36000,,,Ralston,,4500,,127,,,Active,,,http://www.redfin.com/TX/Houston/3711-Courtney-St-77026/home/29735534,HARMLS,25870005,N,Y,29.7871155,-95.3334418
MLS Listing,,Single Family Residential,3408 Baer St,Houston,TX,77020,200000,2,1.0,Cage,840,5000,1930,127,238,,Active,,,http://www.redfin.com/TX/Houston/3408-Baer-St-77020/home/29655925,HARMLS,17462566,N,Y,29.7678847,-95.3353123
MLS Listing,,Single Family Residential,7209 Weyburn St,Houston,TX,77028,134500,3,2.5,Rosewood Estates,1324,7800,1938,129,102,,Active,,,http://www.redfin.com/TX/Houston/7209-Weyburn-St-77028/home/29995795,HARMLS,59584076,N,Y,29.8368612,-95.299653
MLS Listing,,Vacant Land,7125 Weyburn St,Houston,TX,77028,24500,,,Hope For Families,,3900,,131,,,Active,,,http://www.redfin.com/TX/Houston/7125-Weyburn-St-77028/home/29146270,HARMLS,45645753,N,Y,29.8368916,-95.3000205
MLS Listing,,Single Family Residential,7621 W Knoll St,Houston,TX,77028,145000,3,1.5,Weyburn Place Sec 02,1236,7540,1956,132,117,,Active,,,http://www.redfin.com/TX/Houston/7621-W-Knoll-St-77028/home/30057548,HARMLS,6595344,N,Y,29.8351648,-95.2902211
MLS Listing,,Vacant Land,2905 Laura Koppe Rd,Houston,TX,77093,80000,,,Sherwick Place,,2834,,132,,,Active,,,http://www.redfin.com/TX/Houston/2905-Laura-Koppe-Rd-77093/home/146766956,HARMLS,67160761,N,Y,29.8408009,-95.340706
MLS Listing,,Multi-Family (2-4 Unit),5638 Finch St,Houston,TX,77028,177000,0,1.0,Triangle Gardens Sec 05,2156,6468,1940,133,82,,Active,,,http://www.redfin.com/TX/Houston/5638-Finch-St-77028/home/29979840,HARMLS,77262554,N,Y,29.8289965,-95.3091682
MLS Listing,,Single Family Residential,4031 Buck St,Houston,TX,77020,385000,3,3.5,Village/bryan Heights,2404,1500,2017,133,160,,Active,,,http://www.redfin.com/TX/Houston/4031-Buck-St-77020/home/103196169,HARMLS,89241815,N,Y,29.7702792,-95.3301394
MLS Listing,,Single Family Residential,8021 Filltop St,Houston,TX,77028,187500,3,2.5,Liberty Road Manor Sec 01,1432,4000,2020,134,131,,Active,,,http://www.redfin.com/TX/Houston/8021-Filltop-St-77028/home/29733063,HARMLS,95566694,N,Y,29.818484,-95.280104
MLS Listing,,Multi-Family (5+ Unit),4905 Kashmere St #8,Houston,TX,77026,685400,0,1.0,Kashmere Gardens,5984,15000,1950,134,115,,Active,,,http://www.redfin.com/TX/Houston/4905-Kashmere-St-77026/unit-8/home/29936985,HARMLS,88434922,N,Y,29.8050237,-95.3246583
MLS Listing,,Vacant Land,6011 Cavalcade St,Houston,TX,77026,99500,,,Liberty Gardens Sec 01,,8250,,134,,,Active,,,http://www.redfin.com/TX/Houston/6011-Cavalcade-St-77026/home/171131949,HARMLS,48486746,N,Y,29.8007494,-95.3097399
MLS Listing,,Townhouse,7882 Locksley Rd,Houston,TX,77078,108000,3,2.0,Park North Sec 01,1104,2103,1972,134,98,,Active,,,http://www.redfin.com/TX/Houston/7882-Locksley-Rd-77078/home/30248092,HARMLS,79289349,N,Y,29.853048,-95.283574
MLS Listing,,Townhouse,7877 Locksley Rd,Houston,TX,77078,100000,2,1.5,Park North Sec 01,986,3094,1972,134,101,,Active,,,http://www.redfin.com/TX/Houston/7877-Locksley-Rd-77078/home/30248081,HARMLS,20695162,N,Y,29.853529,-95.283633
MLS Listing,,Townhouse,7858 Locksley Rd,Houston,TX,77078,119000,2,1.5,Park North Sec 01,986,3128,1972,134,121,,Active,,,http://www.redfin.com/TX/Houston/7858-Locksley-Rd-77078/home/30248095,HARMLS,81800349,N,Y,29.853541,-95.284605
MLS Listing,,Single Family Residential,7623 Claiborne St,Houston,TX,77016,124500,4,1.0,Scenic Woods,1117,7920,1960,135,111,,Active,,,http://www.redfin.com/TX/Houston/7623-Claiborne-St-77016/home/30083927,HARMLS,72914222,N,Y,29.854136,-95.2903844
MLS Listing,,Vacant Land,0 Sandra,Houston,TX,77028,38500,,,Trinity Gardens,,25620,,136,,,Active,,,http://www.redfin.com/TX/HOUSTON/SANDRA-ST-77028/home/29941434,HARMLS,37679966,N,Y,29.818243,-95.313958
MLS Listing,,Townhouse,13436 Castilian Dr Unit 2/107,Houston,TX,77015,119900,3,2.0,Castilian Village T/h,1360,1440,1972,137,88,227,Active,,,http://www.redfin.com/TX/Houston/13436-Castilian-Dr-77015/unit-2-107/home/30262301,HARMLS,67943336,N,Y,29.798789,-95.183622
MLS Listing,,Single Family Residential,7875 Locksley Rd,Houston,TX,77078,129000,3,2.0,Park North Sec 01,1104,2103,1972,138,117,,Active,,,http://www.redfin.com/TX/Houston/7875-Locksley-Rd-77078/home/30248084,HARMLS,64736567,N,Y,29.853562,-95.283717
MLS Listing,,Townhouse,7891 Gallahad St,Houston,TX,77078,100000,3,1.0,Park North Sec 01,928,2902,1972,138,108,,Active,,,http://www.redfin.com/TX/Houston/7891-Gallahad-St-77078/home/30248112,HARMLS,59220085,N,Y,29.8527037,-95.2833625
MLS Listing,,Townhouse,7888 Gallahad St,Houston,TX,77078,120000,2,2.0,Park North Sec 01,928,2912,1972,138,129,,Active,,,http://www.redfin.com/TX/Houston/7888-Gallahad-St-77078/home/30248126,HARMLS,23926728,N,Y,29.852335,-95.283604
MLS Listing,,Townhouse,7880 Gallahad St,Houston,TX,77078,100000,2,1.5,Park North Sec 01,986,3094,1972,138,101,,Active,,,http://www.redfin.com/TX/Houston/7880-Gallahad-St-77078/home/30248130,HARMLS,88036413,N,Y,29.852487,-95.283992
MLS Listing,,Multi-Family (2-4 Unit),5512 Bunte St,Houston,TX,77026,340000,0,1.0,Kashmere Gardens,844,17280,1940,139,403,,Active,,,http://www.redfin.com/TX/Houston/5512-Bunte-St-77026/home/29937720,HARMLS,79077668,N,Y,29.801746,-95.3147089
MLS Listing,,Vacant Land,3207 Jewel St,Houston,TX,77026,60000,,,Angiers Sec 01,,3654,,140,,,Active,,,http://www.redfin.com/TX/Houston/3207-Jewel-St-77026/home/29648784,HARMLS,20003252,N,Y,29.7900872,-95.3368744
MLS Listing,,Vacant Land,0 Lelia St St,Houston,TX,77026,120000,,,Angiers Sec 01,,7568,,140,,,Active,,,http://www.redfin.com/TX/HOUSTON/LELIA-ST-77026/home/29648719,HARMLS,82381743,N,Y,29.788658,-95.337564
MLS Listing,,Vacant Land,0 Lelia St St,Houston,TX,77026,60000,,,Angiers Sec 01,,3698,,140,,,Active,,,http://www.redfin.com/TX/HOUSTON/LELIA-ST-77026/home/29648878,HARMLS,58311078,N,Y,29.788663,-95.337265
MLS Listing,,Vacant Land,0 Lelia St St,Houston,TX,77026,60000,,,Angiers Sec 01,,3698,,140,,,Active,,,http://www.redfin.com/TX/HOUSTON/LELIA-ST-77026/home/29648720,HARMLS,7976320,N,Y,29.788976,-95.337268
MLS Listing,,Vacant Land,1304 Port St,Houston,TX,77020,70000,,,Houston Harbor,,4800,,140,,,Active,,,http://www.redfin.com/TX/Houston/1304-Port-St-77020/home/29691992,HARMLS,69469835,N,Y,29.765139,-95.2962273
MLS Listing,,Vacant Land,0 Pannell St,Houston,TX,77020,110000,,,Chapmans Sec 03,,5500,,140,,,Active,,,http://www.redfin.com/TX/HOUSTON/PANNELL-ST-77020/home/29656796,HARMLS,50001365,N,Y,29.779777,-95.331975
MLS Listing,,Vacant Land,2002 Worms St,Houston,TX,77020,220000,,,Chapmans Sec 03,,11000,,140,,,Active,,,http://www.redfin.com/TX/Houston/2002-Worms-St-77020/home/29656778,HARMLS,16614128,N,Y,29.780152,-95.331146
MLS Listing,,Single Family Residential,5014 Lucille St,Houston,TX,77026,159900,4,2.0,Fairgrounds Park Annex,2026,3360,1939,140,79,,Active,,,http://www.redfin.com/TX/Houston/5014-Lucille-St-77026/home/29818010,HARMLS,21771183,N,Y,29.7895307,-95.3196244
MLS Listing,,Vacant Land,3219 Des Chaumes St,Houston,TX,77026,39000,,,Matthews,,3500,,140,,,Active,,,http://www.redfin.com/TX/Houston/3219-Des-Chaumes-St-77026/home/29721709,HARMLS,80294203,N,Y,29.791846,-95.3385629
MLS Listing,,Single Family Residential,5217 Hershe St,Houston,TX,77020,150000,3,1.0,Pinecrest,885,6250,1960,140,169,,Active,,,http://www.redfin.com/TX/Houston/5217-Hershe-St-77020/home/29826274,HARMLS,60747810,N,Y,29.7782451,-95.3176637
MLS Listing,,Multi-Family (2-4 Unit),8715 Compton St Unit A B,Houston,TX,77016,210000,0,2.0,Laura Koppe Place,2528,10521,2007,141,83,,Active,,,http://www.redfin.com/TX/Houston/8715-Compton-St-77016/unit-A-B/home/171042846,HARMLS,76810201,N,Y,29.840012,-95.306196
MLS Listing,,Single Family Residential,7870 Hamlet St,Houston,TX,77078,100000,2,2.0,Park North Sec 01,986,2524,1972,141,101,,Active,,,http://www.redfin.com/TX/Houston/7870-Hamlet-St-77078/home/30248149,HARMLS,80728943,N,Y,29.852023,-95.284761
MLS Listing,,Townhouse,9706 Farragut St,Houston,TX,77078,109000,3,2.5,Park North Sec 01,1104,1849,1972,141,99,,Active,,,http://www.redfin.com/TX/Houston/9706-Farragut-St-77078/home/30248057,HARMLS,29672029,N,Y,29.853848,-95.284227
MLS Listing,,Townhouse,9734 Farragut St,Houston,TX,77078,139000,3,2.5,Park North Sec 01,1344,1992,1972,141,103,,Active,,,http://www.redfin.com/TX/Houston/9734-Farragut-St-77078/home/30248056,HARMLS,22431744,N,Y,29.854314,-95.283747
MLS Listing,,Single Family Residential,8774 Flossie Mae St,Houston,TX,77029,98000,3,1.0,Pleasant View,858,6105,1954,141,114,,Active,,,http://www.redfin.com/TX/Houston/8774-Flossie-Mae-St-77029/home/30095860,HARMLS,96970401,N,Y,29.7617039,-95.266546
MLS Listing,,Vacant Land,2012 Chew St,Houston,TX,77020,100000,,,Chew F F,,5000,,142,,,Active,,,http://www.redfin.com/TX/Houston/2012-Chew-St-77020/home/29658239,HARMLS,29063864,N,Y,29.7799817,-95.3148453
MLS Listing,,Vacant Land,2009 Pannell St,Houston,TX,77020,110000,,,Chapmans Sec 03,,8140,,142,,,Active,,,http://www.redfin.com/TX/Houston/2009-Pannell-St-77020/home/29656694,HARMLS,93330258,N,Y,29.78019,-95.332498
MLS Listing,,Vacant Land,3008 Brewster St,Houston,TX,77026,60000,,,Angiers Sec 1,,3698,,143,,,Active,,,http://www.redfin.com/TX/Houston/3008-Brewster-St-77026/home/29648764,HARMLS,50946081,N,Y,29.789761,-95.3372771
MLS Listing,,Vacant Land,1719 Brewster St,Houston,TX,77020,110000,,,Chapmans Sec 03,,5150,,143,,,Active,,,http://www.redfin.com/TX/Houston/1719-Brewster-St-77020/home/29658015,HARMLS,84930140,N,Y,29.777692,-95.337697
MLS Listing,,Vacant Land,3011 Brewster St,Houston,TX,77026,60000,,,Angiers Sec 01,,3344,,143,,,Active,,,http://www.redfin.com/TX/Houston/3011-Brewster-St-77026/home/29648772,HARMLS,58146765,N,Y,29.7898244,-95.3375768
MLS Listing,,Vacant Land,4201 Coke St,Houston,TX,77020,95000,,,Lexington Place,,4200,,143,,,Active,,,http://www.redfin.com/TX/Houston/4201-Coke-St-77020/home/29843197,HARMLS,6698225,N,Y,29.768109,-95.328376
MLS Listing,,Single Family Residential,11722 Lafferty Oaks St,Houston,TX,77013,170000,3,2.0,Wood Shadows,2020,9816,1969,144,84,,Active,,,http://www.redfin.com/TX/Houston/11722-Lafferty-Oaks-St-77013/home/30234397,HARMLS,17625311,N,Y,29.7778484,-95.2267287
MLS Listing,,Single Family Residential,9405 Arvin St,Houston,TX,77028,189500,3,2.0,Timmerman Place,1536,7000,2018,146,123,,Active,,,http://www.redfin.com/TX/Houston/9405-Arvin-St-77028/home/45417151,HARMLS,27287019,N,Y,29.8489817,-95.2699236
MLS Listing,,Vacant Land,5510 Weaver Rd,Houston,TX,77016,125000,,,Triangle Gardens,,15655,,146,,,Active,,,http://www.redfin.com/TX/Houston/5510-Weaver-Rd-77016/home/170953592,HARMLS,25293773,N,Y,29.83404,-95.3126806
MLS Listing,,Vacant Land,0 Kress,Houston,TX,77020,110000,,,Eve Artist Park,,20286,,150,,,Active,,,http://www.redfin.com/TX/HOUSTON/KRESS-ST-77026/home/29966903,HARMLS,49967634,N,Y,29.79568,-95.309747
MLS Listing,,Vacant Land,0 N Wayside Dr,Houston,TX,77028,47500,,,Liberty Road Manor Sec 19 U/r,,4731,,151,,,Active,,,http://www.redfin.com/TX/Houston/5919-N-Wayside-Dr-77028/home/172387474,HARMLS,4060539,N,Y,29.8158155,-95.2848036
MLS Listing,,Single Family Residential,722 Grand Oaks Dr,Houston,TX,77015,149900,3,2.0,Hidden Forest Sec 01,1424,7200,1965,151,105,,Active,,,http://www.redfin.com/TX/Houston/722-Grand-Oaks-Dr-77015/home/30150154,HARMLS,9873910,N,Y,29.7839994,-95.1984838
MLS Listing,,Vacant Land,5117 Wipprecht St,Houston,TX,77026,100000,,,Kashmere Gardens Extn,,15000,,152,,,Active,,,http://www.redfin.com/TX/Houston/5117-Wipprecht-St-77026/home/29938755,HARMLS,90120890,N,Y,29.807749,-95.322937
MLS Listing,,Single Family Residential,4514 Wyte Ln,Houston,TX,77093,245000,3,1.0,Friendly Road Place,1088,11210,1930,154,225,,Active,,,http://www.redfin.com/TX/Houston/4514-Wyte-Ln-77093/home/30052402,HARMLS,79435268,N,Y,29.8510706,-95.3232702
MLS Listing,,Vacant Land,11018 Oswego St,Houston,TX,77029,115000,,,Market Street Gardens Ext 02,,7291,,154,,,Active,,,http://www.redfin.com/TX/Houston/11018-Oswego-St-77029/home/29990715,HARMLS,5929950,N,Y,29.76856,-95.234503
MLS Listing,,Multi-Family (2-4 Unit),5212 Bennington St,Houston,TX,77028,195000,0,1.0,Trinity Gardens,1440,9418,1980,154,135,,Active,,,http://www.redfin.com/TX/Houston/5212-Bennington-St-77028/home/170654512,HARMLS,80011133,N,Y,29.8199196,-95.3148435
MLS Listing,,Single Family Residential,9002 Allwood St,Houston,TX,77016,119500,3,1.5,North Shadydale,1373,7440,1965,154,87,,Active,,,http://www.redfin.com/TX/Houston/9002-Allwood-St-77016/home/29971806,HARMLS,93669219,N,Y,29.8429356,-95.310618
MLS Listing,,Single Family Residential,5710 Cherry St,Houston,TX,77026,131000,2,1.0,Central Gardens Sec 02,1039,7200,1950,158,126,,Active,,,http://www.redfin.com/TX/Houston/5710-Cherry-St-77026/home/29971407,HARMLS,75320590,N,Y,29.8114987,-95.3451603
